dataset,fw_method,metric,k,vote,retention,fold_id,num_folds,n_train,n_test,fit_time_s,predict_time_s,total_time_s,accuracy,precision_macro,recall_macro,f1_macro,precision_weighted,recall_weighted,f1_weighted,confusion_matrix_json
pen-based,relieff,cosine,5,borda,RetentionPolicy.DIFFERENT_CLASS_RETENTION,0,10,9894,1098,0.0021497089983313344,1.710502624999208,1.7126523339975392,0.994535519125683,0.9944944450338248,0.9945368754124854,0.9944951017262988,0.9945766627594493,0.994535519125683,0.9945355957862893,"{""labels"": [""0"", ""1"", ""2"", ""3"", ""4"", ""5"", ""6"", ""7"", ""8"", ""9""], ""matrix"": [[115, 0, 0, 0, 0, 0, 0, 0, 0, 0], [0, 114, 0, 0, 0, 0, 0, 0, 0, 0], [0, 1, 113, 0, 0, 0, 0, 0, 0, 0], [0, 0, 0, 105, 0, 0, 0, 0, 0, 0], [0, 0, 0, 0, 114, 1, 0, 0, 0, 0], [0, 0, 0, 0, 0, 105, 0, 0, 0, 0], [0, 0, 0, 0, 0, 0, 105, 0, 0, 0], [0, 0, 0, 0, 0, 0, 0, 113, 0, 1], [1, 0, 0, 0, 0, 1, 0, 0, 104, 0], [0, 0, 0, 0, 0, 0, 0, 0, 1, 104]]}"
pen-based,relieff,cosine,5,borda,RetentionPolicy.DIFFERENT_CLASS_RETENTION,1,10,9893,1099,0.00236508299713023,1.7634259580008802,1.7657910409980104,0.991810737033667,0.991993406249861,0.9919701427481747,0.991933587236467,0.9919067670003341,0.991810737033667,0.9918102954233238,"{""labels"": [""0"", ""1"", ""2"", ""3"", ""4"", ""5"", ""6"", ""7"", ""8"", ""9""], ""matrix"": [[114, 1, 0, 0, 0, 0, 0, 0, 0, 0], [0, 112, 2, 0, 0, 0, 0, 0, 0, 0], [0, 0, 114, 0, 0, 0, 0, 0, 0, 0], [0, 0, 0, 103, 0, 0, 0, 1, 0, 1], [0, 0, 0, 0, 114, 1, 0, 0, 0, 0], [0, 0, 0, 0, 0, 105, 0, 0, 0, 0], [0, 0, 0, 0, 0, 0, 106, 0, 0, 0], [0, 1, 1, 0, 0, 0, 0, 111, 0, 1], [0, 0, 0, 0, 0, 0, 0, 0, 105, 0], [0, 0, 0, 0, 0, 0, 0, 0, 0, 106]]}"
pen-based,relieff,cosine,5,borda,RetentionPolicy.DIFFERENT_CLASS_RETENTION,2,10,9895,1097,0.0026612920009938534,1.7550633329992706,1.7577246250002645,0.9936189608021878,0.9935598370486509,0.9935665250081727,0.9935287877114956,0.9936851517864896,0.9936189608021878,0.993618663729355,"{""labels"": [""0"", ""1"", ""2"", ""3"", ""4"", ""5"", ""6"", ""7"", ""8"", ""9""], ""matrix"": [[113, 0, 0, 0, 0, 0, 0, 0, 0, 1], [0, 114, 0, 0, 1, 0, 0, 0, 0, 0], [0, 0, 115, 0, 0, 0, 0, 0, 0, 0], [0, 0, 0, 104, 0, 1, 0, 0, 0, 0], [0, 0, 0, 0, 114, 0, 0, 0, 0, 0], [0, 0, 0, 0, 0, 105, 0, 0, 0, 0], [0, 0, 0, 0, 0, 0, 105, 0, 0, 0], [0, 1, 0, 0, 0, 0, 0, 113, 0, 0], [0, 0, 0, 0, 0, 0, 0, 0, 105, 0], [0, 0, 0, 1, 0, 2, 0, 0, 0, 102]]}"
pen-based,relieff,cosine,5,borda,RetentionPolicy.DIFFERENT_CLASS_RETENTION,3,10,9892,1100,0.0024924169993028045,1.7083171660015068,1.7108095830008097,0.99,0.9901056048336905,0.9900130761686826,0.9900014248203017,0.9900805114858047,0.99,0.9899825447682385,"{""labels"": [""0"", ""1"", ""2"", ""3"", ""4"", ""5"", ""6"", ""7"", ""8"", ""9""], ""matrix"": [[114, 0, 0, 0, 0, 0, 0, 0, 0, 0], [0, 113, 0, 1, 0, 0, 0, 0, 0, 0], [0, 0, 114, 0, 0, 0, 0, 1, 0, 0], [0, 1, 1, 103, 0, 0, 0, 0, 0, 0], [0, 0, 0, 0, 115, 0, 0, 0, 0, 0], [0, 0, 0, 1, 0, 102, 0, 0, 0, 2], [0, 0, 0, 0, 0, 0, 105, 0, 0, 0], [0, 2, 1, 0, 0, 0, 0, 111, 1, 0], [0, 0, 0, 0, 0, 0, 0, 0, 106, 0], [0, 0, 0, 0, 0, 0, 0, 0, 0, 106]]}"
pen-based,relieff,cosine,5,borda,RetentionPolicy.DIFFERENT_CLASS_RETENTION,4,10,9894,1098,0.0025983339983213227,1.7183950409998943,1.7209933749982156,0.9954462659380692,0.9955843506818021,0.9953298956990508,0.995432538051278,0.9954935100755634,0.9954462659380692,0.9954452586570361,"{""labels"": [""0"", ""1"", ""2"", ""3"", ""4"", ""5"", ""6"", ""7"", ""8"", ""9""], ""matrix"": [[114, 0, 0, 0, 0, 0, 0, 0, 0, 0], [0, 114, 1, 0, 0, 0, 0, 0, 0, 0], [0, 0, 114, 0, 0, 0, 0, 0, 0, 0], [0, 0, 1, 104, 0, 0, 0, 0, 0, 0], [0, 0, 0, 0, 114, 0, 0, 0, 0, 0], [0, 0, 0, 1, 0, 105, 0, 0, 0, 0], [0, 0, 0, 0, 0, 0, 106, 0, 0, 0], [0, 0, 0, 0, 0, 0, 0, 114, 0, 0], [0, 0, 0, 0, 0, 0, 0, 0, 105, 0], [0, 0, 0, 0, 1, 0, 0, 1, 0, 103]]}"
pen-based,relieff,cosine,5,borda,RetentionPolicy.DIFFERENT_CLASS_RETENTION,5,10,9894,1098,0.0025637079997977708,1.7235452090026229,1.7261089170024206,0.9936247723132969,0.9937420231759855,0.9935588972431078,0.9936233208674841,0.9937353661448929,0.9936247723132969,0.9936524467776575,"{""labels"": [""0"", ""1"", ""2"", ""3"", ""4"", ""5"", ""6"", ""7"", ""8"", ""9""], ""matrix"": [[114, 0, 0, 0, 0, 0, 0, 0, 0, 0], [0, 113, 0, 1, 0, 0, 0, 0, 0, 0], [0, 0, 114, 0, 0, 0, 0, 0, 0, 0], [0, 1, 0, 104, 0, 0, 0, 0, 0, 0], [0, 0, 0, 0, 113, 0, 0, 0, 0, 1], [0, 0, 0, 1, 0, 104, 0, 0, 0, 0], [0, 0, 0, 0, 0, 0, 108, 0, 0, 0], [0, 1, 0, 0, 0, 0, 0, 113, 0, 0], [0, 1, 0, 0, 0, 0, 0, 0, 104, 0], [0, 1, 0, 0, 0, 0, 0, 0, 0, 104]]}"
pen-based,relieff,cosine,5,borda,RetentionPolicy.DIFFERENT_CLASS_RETENTION,6,10,9890,1102,0.0024824590000207536,1.7113777499980642,1.713860208998085,0.9936479128856625,0.9937797421473409,0.9936837547473216,0.9936852702762368,0.9937508934934743,0.9936479128856625,0.9936517641855941,"{""labels"": [""0"", ""1"", ""2"", ""3"", ""4"", ""5"", ""6"", ""7"", ""8"", ""9""], ""matrix"": [[114, 0, 0, 0, 0, 0, 0, 0, 0, 0], [0, 112, 3, 0, 0, 0, 0, 0, 0, 0], [0, 0, 114, 0, 0, 0, 0, 0, 0, 0], [0, 0, 0, 108, 0, 0, 0, 0, 0, 0], [0, 0, 0, 0, 113, 0, 0, 1, 0, 0], [0, 0, 0, 1, 0, 105, 0, 0, 0, 0], [0, 0, 0, 0, 0, 1, 104, 0, 0, 0], [0, 0, 0, 0, 0, 0, 0, 114, 0, 0], [0, 0, 0, 0, 0, 0, 0, 0, 105, 0], [0, 0, 0, 0, 0, 1, 0, 0, 0, 106]]}"
pen-based,relieff,cosine,5,borda,RetentionPolicy.DIFFERENT_CLASS_RETENTION,7,10,9892,1100,0.0025256670014641713,1.733905875000346,1.7364315420018102,0.990909090909091,0.9910909423424659,0.9910943067266198,0.9910609275986083,0.9909653342290976,0.990909090909091,0.9909048287227769,"{""labels"": [""0"", ""1"", ""2"", ""3"", ""4"", ""5"", ""6"", ""7"", ""8"", ""9""], ""matrix"": [[111, 0, 0, 0, 2, 0, 1, 0, 0, 0], [0, 112, 2, 0, 0, 0, 0, 0, 0, 0], [0, 1, 113, 0, 0, 0, 0, 0, 0, 0], [0, 0, 0, 107, 0, 0, 0, 0, 0, 0], [0, 0, 0, 0, 113, 0, 0, 0, 0, 1], [0, 0, 0, 0, 0, 106, 0, 0, 0, 0], [0, 0, 0, 0, 0, 0, 105, 0, 0, 0], [0, 0, 0, 1, 0, 0, 0, 114, 0, 0], [0, 0, 0, 0, 0, 0, 0, 1, 105, 0], [0, 0, 0, 0, 0, 0, 0, 1, 0, 104]]}"
pen-based,relieff,cosine,5,borda,RetentionPolicy.DIFFERENT_CLASS_RETENTION,8,10,9894,1098,0.0023882919995230623,1.7227808750030817,1.7251691670026048,0.994535519125683,0.9945686119204549,0.9944540596774957,0.9944950159517999,0.9945678014173654,0.994535519125683,0.9945352559265019,"{""labels"": [""0"", ""1"", ""2"", ""3"", ""4"", ""5"", ""6"", ""7"", ""8"", ""9""], ""matrix"": [[113, 0, 0, 0, 0, 0, 1, 0, 0, 0], [0, 113, 1, 0, 0, 0, 0, 0, 0, 0], [0, 0, 115, 0, 0, 0, 0, 0, 0, 0], [0, 0, 0, 104, 1, 0, 0, 0, 0, 0], [0, 0, 0, 0, 114, 0, 0, 0, 0, 0], [0, 0, 0, 0, 0, 105, 0, 0, 1, 0], [0, 0, 0, 0, 0, 0, 105, 0, 0, 0], [0, 0, 0, 0, 0, 0, 0, 114, 0, 0], [0, 0, 0, 0, 0, 0, 0, 1, 105, 0], [0, 0, 0, 0, 0, 1, 0, 0, 0, 104]]}"
pen-based,relieff,cosine,5,borda,RetentionPolicy.DIFFERENT_CLASS_RETENTION,9,10,9890,1102,0.002404625000053784,1.6895972919992346,1.6920019169992884,0.9927404718693285,0.9928028448375519,0.9927901172126379,0.9927535741891148,0.9928126513241332,0.9927404718693285,0.9927325015165368,"{""labels"": [""0"", ""1"", ""2"", ""3"", ""4"", ""5"", ""6"", ""7"", ""8"", ""9""], ""matrix"": [[113, 0, 0, 0, 1, 0, 0, 0, 0, 1], [0, 111, 2, 1, 0, 0, 0, 0, 0, 0], [0, 0, 115, 0, 0, 0, 0, 0, 0, 0], [0, 0, 0, 104, 0, 0, 0, 0, 0, 1], [0, 0, 0, 0, 115, 0, 0, 0, 0, 0], [0, 0, 0, 0, 0, 105, 0, 0, 1, 0], [0, 0, 0, 0, 0, 0, 106, 0, 0, 0], [0, 0, 0, 0, 0, 0, 0, 114, 0, 0], [0, 0, 0, 0, 0, 0, 0, 0, 106, 0], [0, 0, 0, 0, 0, 0, 0, 1, 0, 105]]}"
pen-based,relieff,cosine,5,borda,RetentionPolicy.DIFFERENT_CLASS_RETENTION,0,10,9894,1098,0.002220874997874489,1.697048125002766,1.6992690000006405,0.994535519125683,0.994423459459794,0.9945355184515842,0.9944585517348686,0.9945867496376125,0.994535519125683,0.9945404177528973,"{""labels"": [""0"", ""1"", ""2"", ""3"", ""4"", ""5"", ""6"", ""7"", ""8"", ""9""], ""matrix"": [[115, 0, 0, 0, 0, 0, 0, 0, 0, 0], [0, 114, 0, 0, 0, 0, 0, 0, 0, 0], [0, 0, 114, 0, 0, 0, 0, 0, 0, 0], [0, 0, 0, 104, 0, 0, 0, 1, 0, 0], [0, 0, 0, 0, 113, 1, 0, 0, 0, 1], [0, 0, 0, 0, 0, 105, 0, 0, 0, 0], [0, 0, 0, 0, 0, 0, 105, 0, 0, 0], [0, 0, 0, 0, 0, 0, 0, 113, 0, 1], [0, 0, 0, 0, 0, 1, 0, 0, 105, 0], [0, 0, 0, 0, 0, 0, 0, 0, 1, 104]]}"
pen-based,relieff,cosine,5,borda,RetentionPolicy.DIFFERENT_CLASS_RETENTION,1,10,9893,1099,0.0024479169987898786,1.649473792000208,1.651921708998998,0.9899909008189263,0.9902693682622115,0.9902157567832625,0.9901865376953266,0.9901184109439914,0.9899909008189263,0.9899980693296931,"{""labels"": [""0"", ""1"", ""2"", ""3"", ""4"", ""5"", ""6"", ""7"", ""8"", ""9""], ""matrix"": [[114, 1, 0, 0, 0, 0, 0, 0, 0, 0], [0, 112, 2, 0, 0, 0, 0, 0, 0, 0], [0, 1, 113, 0, 0, 0, 0, 0, 0, 0], [0, 0, 0, 103, 0, 0, 0, 1, 0, 1], [0, 0, 0, 0, 114, 1, 0, 0, 0, 0], [0, 0, 0, 0, 0, 105, 0, 0, 0, 0], [0, 0, 0, 0, 0, 0, 106, 0, 0, 0], [0, 2, 1, 0, 0, 0, 0, 110, 0, 1], [0, 0, 0, 0, 0, 0, 0, 0, 105, 0], [0, 0, 0, 0, 0, 0, 0, 0, 0, 106]]}"
pen-based,relieff,cosine,5,borda,RetentionPolicy.DIFFERENT_CLASS_RETENTION,2,10,9895,1097,0.0025409160007257015,1.7416543750005076,1.7441952910012333,0.9927073837739289,0.9926957459645527,0.9926141440557916,0.9926072696160645,0.9927801810392997,0.9927073837739289,0.9926975082067172,"{""labels"": [""0"", ""1"", ""2"", ""3"", ""4"", ""5"", ""6"", ""7"", ""8"", ""9""], ""matrix"": [[113, 0, 0, 0, 0, 0, 0, 0, 0, 1], [0, 114, 0, 0, 1, 0, 0, 0, 0, 0], [0, 0, 115, 0, 0, 0, 0, 0, 0, 0], [0, 0, 0, 104, 0, 1, 0, 0, 0, 0], [0, 0, 0, 0, 114, 0, 0, 0, 0, 0], [0, 0, 0, 0, 0, 105, 0, 0, 0, 0], [0, 0, 0, 0, 0, 0, 105, 0, 0, 0], [0, 1, 0, 0, 0, 0, 0, 113, 0, 0], [0, 0, 0, 0, 0, 0, 0, 0, 105, 0], [0, 1, 0, 1, 0, 2, 0, 0, 0, 101]]}"
pen-based,relieff,cosine,5,borda,RetentionPolicy.DIFFERENT_CLASS_RETENTION,3,10,9892,1100,0.002588667000964051,1.9355024579999736,1.9380911250009376,0.9927272727272727,0.9927401905821034,0.9927045875558462,0.9927050799439134,0.9927521008757348,0.9927272727272727,0.9927227995009686,"{""labels"": [""0"", ""1"", ""2"", ""3"", ""4"", ""5"", ""6"", ""7"", ""8"", ""9""], ""matrix"": [[114, 0, 0, 0, 0, 0, 0, 0, 0, 0], [0, 113, 0, 1, 0, 0, 0, 0, 0, 0], [0, 0, 114, 0, 0, 0, 0, 1, 0, 0], [0, 1, 1, 103, 0, 0, 0, 0, 0, 0], [0, 0, 0, 0, 115, 0, 0, 0, 0, 0], [0, 0, 0, 1, 0, 103, 0, 0, 0, 1], [0, 0, 0, 0, 0, 0, 105, 0, 0, 0], [0, 1, 0, 0, 0, 0, 0, 113, 1, 0], [0, 0, 0, 0, 0, 0, 0, 0, 106, 0], [0, 0, 0, 0, 0, 0, 0, 0, 0, 106]]}"
pen-based,relieff,cosine,5,borda,RetentionPolicy.DIFFERENT_CLASS_RETENTION,4,10,9894,1098,0.0024610000000393484,1.751002624998364,1.7534636249984032,0.9954462659380692,0.9955105196727783,0.9953298956990508,0.9953997566968594,0.9954855905380643,0.9954462659380692,0.9954454282946797,"{""labels"": [""0"", ""1"", ""2"", ""3"", ""4"", ""5"", ""6"", ""7"", ""8"", ""9""], ""matrix"": [[114, 0, 0, 0, 0, 0, 0, 0, 0, 0], [0, 114, 1, 0, 0, 0, 0, 0, 0, 0], [0, 0, 114, 0, 0, 0, 0, 0, 0, 0], [0, 0, 1, 104, 0, 0, 0, 0, 0, 0], [0, 0, 0, 0, 114, 0, 0, 0, 0, 0], [0, 0, 0, 1, 0, 105, 0, 0, 0, 0], [0, 0, 0, 0, 0, 0, 106, 0, 0, 0], [0, 0, 0, 0, 0, 0, 0, 114, 0, 0], [0, 0, 0, 0, 0, 0, 0, 0, 105, 0], [0, 0, 0, 0, 0, 1, 0, 1, 0, 103]]}"
pen-based,relieff,cosine,5,borda,RetentionPolicy.DIFFERENT_CLASS_RETENTION,5,10,9894,1098,0.0023535000000265427,1.704136832999211,1.7064903329992376,0.9954462659380692,0.9955015349468124,0.9953884711779448,0.9954294654868955,0.9954855905380643,0.9954462659380692,0.9954499830851058,"{""labels"": [""0"", ""1"", ""2"", ""3"", ""4"", ""5"", ""6"", ""7"", ""8"", ""9""], ""matrix"": [[114, 0, 0, 0, 0, 0, 0, 0, 0, 0], [0, 114, 0, 0, 0, 0, 0, 0, 0, 0], [0, 0, 114, 0, 0, 0, 0, 0, 0, 0], [0, 1, 0, 104, 0, 0, 0, 0, 0, 0], [0, 0, 0, 0, 113, 0, 0, 0, 0, 1], [0, 0, 0, 1, 0, 104, 0, 0, 0, 0], [0, 0, 0, 0, 0, 0, 108, 0, 0, 0], [0, 0, 1, 0, 0, 0, 0, 113, 0, 0], [0, 0, 0, 0, 0, 0, 0, 0, 105, 0], [0, 1, 0, 0, 0, 0, 0, 0, 0, 104]]}"
pen-based,relieff,cosine,5,borda,RetentionPolicy.DIFFERENT_CLASS_RETENTION,6,10,9890,1102,0.0023950409995450173,1.7601620419991377,1.7625570829986827,0.9954627949183303,0.9955454694324984,0.9954878994039653,0.9954933373240598,0.9955103019262443,0.9954627949183303,0.9954626282107613,"{""labels"": [""0"", ""1"", ""2"", ""3"", ""4"", ""5"", ""6"", ""7"", ""8"", ""9""], ""matrix"": [[114, 0, 0, 0, 0, 0, 0, 0, 0, 0], [0, 113, 2, 0, 0, 0, 0, 0, 0, 0], [0, 0, 114, 0, 0, 0, 0, 0, 0, 0], [0, 0, 0, 108, 0, 0, 0, 0, 0, 0], [0, 0, 0, 0, 113, 0, 0, 1, 0, 0], [0, 0, 0, 1, 0, 105, 0, 0, 0, 0], [0, 0, 0, 0, 0, 1, 104, 0, 0, 0], [0, 0, 0, 0, 0, 0, 0, 114, 0, 0], [0, 0, 0, 0, 0, 0, 0, 0, 105, 0], [0, 0, 0, 0, 0, 0, 0, 0, 0, 107]]}"
pen-based,relieff,cosine,5,borda,RetentionPolicy.DIFFERENT_CLASS_RETENTION,7,10,9892,1100,0.0023905829984869342,1.7047953750006855,1.7071859579991724,0.9918181818181818,0.992034338568881,0.9919714997090757,0.9919832388290182,0.9918658488088574,0.9918181818181818,0.9918219021538964,"{""labels"": [""0"", ""1"", ""2"", ""3"", ""4"", ""5"", ""6"", ""7"", ""8"", ""9""], ""matrix"": [[112, 0, 0, 0, 2, 0, 0, 0, 0, 0], [0, 112, 2, 0, 0, 0, 0, 0, 0, 0], [0, 1, 113, 0, 0, 0, 0, 0, 0, 0], [0, 0, 0, 107, 0, 0, 0, 0, 0, 0], [0, 0, 0, 0, 113, 0, 0, 0, 0, 1], [0, 0, 0, 0, 0, 106, 0, 0, 0, 0], [0, 0, 0, 0, 0, 0, 105, 0, 0, 0], [0, 0, 0, 1, 0, 0, 0, 114, 0, 0], [0, 0, 0, 0, 0, 0, 0, 1, 105, 0], [0, 0, 0, 0, 0, 0, 0, 1, 0, 104]]}"
pen-based,relieff,cosine,5,borda,RetentionPolicy.DIFFERENT_CLASS_RETENTION,8,10,9894,1098,0.0023477920003642794,1.7161032919975696,1.718451083997934,0.9963570127504554,0.9963903901514239,0.9963408521303257,0.9963490060592625,0.9963898871570909,0.9963570127504554,0.9963568989244316,"{""labels"": [""0"", ""1"", ""2"", ""3"", ""4"", ""5"", ""6"", ""7"", ""8"", ""9""], ""matrix"": [[113, 0, 0, 0, 0, 0, 1, 0, 0, 0], [0, 113, 1, 0, 0, 0, 0, 0, 0, 0], [0, 0, 115, 0, 0, 0, 0, 0, 0, 0], [0, 0, 0, 104, 1, 0, 0, 0, 0, 0], [0, 0, 0, 0, 114, 0, 0, 0, 0, 0], [0, 0, 0, 0, 0, 106, 0, 0, 0, 0], [0, 0, 0, 0, 0, 0, 105, 0, 0, 0], [0, 0, 0, 0, 0, 0, 0, 114, 0, 0], [0, 0, 0, 0, 0, 0, 0, 0, 106, 0], [0, 0, 0, 0, 0, 1, 0, 0, 0, 104]]}"
pen-based,relieff,cosine,5,borda,RetentionPolicy.DIFFERENT_CLASS_RETENTION,9,10,9890,1102,0.0026040830016427208,1.6924610829992162,1.6950651660008589,0.9918330308529946,0.9918923541203692,0.9918467209862228,0.9918386542694186,0.9918720444896121,0.9918330308529946,0.9918207579878933,"{""labels"": [""0"", ""1"", ""2"", ""3"", ""4"", ""5"", ""6"", ""7"", ""8"", ""9""], ""matrix"": [[113, 0, 0, 0, 1, 0, 0, 0, 0, 1], [0, 111, 2, 1, 0, 0, 0, 0, 0, 0], [0, 0, 115, 0, 0, 0, 0, 0, 0, 0], [0, 0, 0, 104, 0, 0, 0, 0, 0, 1], [0, 0, 0, 0, 115, 0, 0, 0, 0, 0], [0, 0, 0, 0, 0, 105, 0, 0, 1, 0], [0, 0, 0, 0, 0, 0, 106, 0, 0, 0], [0, 0, 0, 0, 0, 0, 0, 114, 0, 0], [0, 0, 0, 0, 0, 0, 0, 0, 106, 0], [0, 1, 0, 0, 0, 0, 0, 1, 0, 104]]}"
