config_id,feature_weighting_method,metric,k,vote,retention,fold_id,num_folds,n_train,n_test,fit_time_s,predict_time_s,total_time_s,accuracy,precision_macro,recall_macro,f1_macro,precision_weighted,recall_weighted,f1_weighted,confusion_matrix_json
c-k7-b-di-re,relieff,cosine,7,borda,different_class_retention,0,10,9894,1098,0.002413125002931338,1.8246359580007265,1.8270490830036579,0.9954462659380692,0.995365498725308,0.9954802716389004,0.9954064068806515,0.995488232085377,0.9954462659380692,0.9954508457886344,"{""labels"": [""0"", ""1"", ""2"", ""3"", ""4"", ""5"", ""6"", ""7"", ""8"", ""9""], ""matrix"": [[115, 0, 0, 0, 0, 0, 0, 0, 0, 0], [0, 113, 1, 0, 0, 0, 0, 0, 0, 0], [0, 0, 114, 0, 0, 0, 0, 0, 0, 0], [0, 0, 0, 105, 0, 0, 0, 0, 0, 0], [0, 0, 0, 0, 114, 1, 0, 0, 0, 0], [0, 0, 0, 0, 0, 105, 0, 0, 0, 0], [0, 0, 0, 0, 0, 0, 105, 0, 0, 0], [0, 0, 0, 0, 0, 0, 0, 113, 0, 1], [0, 0, 0, 0, 0, 1, 0, 0, 105, 0], [0, 0, 0, 0, 0, 0, 0, 0, 1, 104]]}"
c-k7-b-di-re,relieff,cosine,7,borda,different_class_retention,1,10,9893,1099,0.002330375005840324,1.6855974169957335,1.6879277920015738,0.9909008189262967,0.9910718107846934,0.9910267465217597,0.9910297785289129,0.9909634031979794,0.9909008189262967,0.9909122167679041,"{""labels"": [""0"", ""1"", ""2"", ""3"", ""4"", ""5"", ""6"", ""7"", ""8"", ""9""], ""matrix"": [[114, 1, 0, 0, 0, 0, 0, 0, 0, 0], [0, 112, 2, 0, 0, 0, 0, 0, 0, 0], [0, 1, 113, 0, 0, 0, 0, 0, 0, 0], [0, 0, 0, 103, 0, 0, 0, 1, 0, 1], [0, 0, 0, 0, 114, 1, 0, 0, 0, 0], [0, 0, 0, 0, 0, 105, 0, 0, 0, 0], [0, 0, 0, 0, 0, 0, 106, 0, 0, 0], [0, 1, 1, 0, 0, 0, 0, 112, 0, 0], [0, 0, 0, 0, 0, 0, 0, 0, 105, 0], [0, 0, 0, 1, 0, 0, 0, 0, 0, 105]]}"
c-k7-b-di-re,relieff,cosine,7,borda,different_class_retention,2,10,9895,1097,0.002347000001464039,1.7978647499985527,1.8002117500000168,0.9936189608021878,0.9935598370486509,0.9935665250081727,0.9935287877114956,0.9936851517864896,0.9936189608021878,0.993618663729355,"{""labels"": [""0"", ""1"", ""2"", ""3"", ""4"", ""5"", ""6"", ""7"", ""8"", ""9""], ""matrix"": [[113, 0, 0, 0, 0, 0, 0, 0, 0, 1], [0, 114, 0, 0, 1, 0, 0, 0, 0, 0], [0, 0, 115, 0, 0, 0, 0, 0, 0, 0], [0, 0, 0, 104, 0, 1, 0, 0, 0, 0], [0, 0, 0, 0, 114, 0, 0, 0, 0, 0], [0, 0, 0, 0, 0, 105, 0, 0, 0, 0], [0, 0, 0, 0, 0, 0, 105, 0, 0, 0], [0, 1, 0, 0, 0, 0, 0, 113, 0, 0], [0, 0, 0, 0, 0, 0, 0, 0, 105, 0], [0, 0, 0, 1, 0, 2, 0, 0, 0, 102]]}"
c-k7-b-di-re,relieff,cosine,7,borda,different_class_retention,3,10,9892,1100,0.002463541997713037,1.7260453330018208,1.7285088749995339,0.99,0.9899668175453897,0.9900144331295836,0.9899745720319737,0.9900250677825778,0.99,0.989996334884022,"{""labels"": [""0"", ""1"", ""2"", ""3"", ""4"", ""5"", ""6"", ""7"", ""8"", ""9""], ""matrix"": [[114, 0, 0, 0, 0, 0, 0, 0, 0, 0], [0, 112, 0, 2, 0, 0, 0, 0, 0, 0], [0, 0, 114, 0, 0, 0, 0, 1, 0, 0], [0, 1, 1, 103, 0, 0, 0, 0, 0, 0], [0, 0, 0, 0, 115, 0, 0, 0, 0, 0], [0, 0, 0, 1, 0, 103, 0, 0, 0, 1], [0, 0, 0, 0, 0, 0, 105, 0, 0, 0], [0, 1, 1, 0, 0, 0, 0, 112, 1, 0], [0, 0, 0, 0, 0, 0, 0, 0, 106, 0], [0, 0, 0, 0, 0, 1, 0, 0, 0, 105]]}"
c-k7-b-di-re,relieff,cosine,7,borda,different_class_retention,4,10,9894,1098,0.002492583000275772,1.7577654999986407,1.7602580829989165,0.9954462659380692,0.9956139512661253,0.9954127114340403,0.9954826409949435,0.9955242429226748,0.9954462659380692,0.9954536702941943,"{""labels"": [""0"", ""1"", ""2"", ""3"", ""4"", ""5"", ""6"", ""7"", ""8"", ""9""], ""matrix"": [[114, 0, 0, 0, 0, 0, 0, 0, 0, 0], [0, 113, 2, 0, 0, 0, 0, 0, 0, 0], [0, 0, 114, 0, 0, 0, 0, 0, 0, 0], [0, 0, 1, 104, 0, 0, 0, 0, 0, 0], [0, 0, 0, 0, 114, 0, 0, 0, 0, 0], [0, 0, 0, 1, 0, 105, 0, 0, 0, 0], [0, 0, 0, 0, 0, 0, 106, 0, 0, 0], [0, 0, 0, 0, 0, 0, 0, 114, 0, 0], [0, 0, 0, 0, 0, 0, 0, 0, 105, 0], [0, 0, 0, 0, 0, 0, 0, 1, 0, 104]]}"
c-k7-b-di-re,relieff,cosine,7,borda,different_class_retention,5,10,9894,1098,0.002344708002055995,1.759223707995261,1.761568415997317,0.994535519125683,0.994633326690322,0.9945112781954887,0.9945483524245196,0.9945834356767383,0.994535519125683,0.9945351680145871,"{""labels"": [""0"", ""1"", ""2"", ""3"", ""4"", ""5"", ""6"", ""7"", ""8"", ""9""], ""matrix"": [[114, 0, 0, 0, 0, 0, 0, 0, 0, 0], [0, 114, 0, 0, 0, 0, 0, 0, 0, 0], [0, 0, 114, 0, 0, 0, 0, 0, 0, 0], [0, 0, 0, 105, 0, 0, 0, 0, 0, 0], [0, 0, 0, 0, 112, 0, 0, 1, 0, 1], [0, 0, 0, 1, 0, 104, 0, 0, 0, 0], [0, 0, 0, 0, 0, 0, 108, 0, 0, 0], [0, 0, 1, 0, 0, 0, 0, 113, 0, 0], [0, 1, 0, 0, 0, 0, 0, 0, 104, 0], [0, 1, 0, 0, 0, 0, 0, 0, 0, 104]]}"
c-k7-b-di-re,relieff,cosine,7,borda,different_class_retention,6,10,9890,1102,0.0026746670046122745,1.7960944160004146,1.798769083005027,0.9954627949183303,0.9955454694324984,0.9954878994039653,0.9954933373240598,0.9955103019262443,0.9954627949183303,0.9954626282107613,"{""labels"": [""0"", ""1"", ""2"", ""3"", ""4"", ""5"", ""6"", ""7"", ""8"", ""9""], ""matrix"": [[114, 0, 0, 0, 0, 0, 0, 0, 0, 0], [0, 113, 2, 0, 0, 0, 0, 0, 0, 0], [0, 0, 114, 0, 0, 0, 0, 0, 0, 0], [0, 0, 0, 108, 0, 0, 0, 0, 0, 0], [0, 0, 0, 0, 113, 0, 0, 1, 0, 0], [0, 0, 0, 1, 0, 105, 0, 0, 0, 0], [0, 0, 0, 0, 0, 1, 104, 0, 0, 0], [0, 0, 0, 0, 0, 0, 0, 114, 0, 0], [0, 0, 0, 0, 0, 0, 0, 0, 105, 0], [0, 0, 0, 0, 0, 0, 0, 0, 0, 107]]}"
c-k7-b-di-re,relieff,cosine,7,borda,different_class_retention,7,10,9892,1100,0.002372333998209797,1.7466660409991164,1.7490383749973262,0.99,0.9901325536123027,0.9902247415092283,0.990151035885401,0.9900405693388153,0.99,0.989991988869825,"{""labels"": [""0"", ""1"", ""2"", ""3"", ""4"", ""5"", ""6"", ""7"", ""8"", ""9""], ""matrix"": [[111, 0, 0, 0, 2, 0, 1, 0, 0, 0], [0, 112, 2, 0, 0, 0, 0, 0, 0, 0], [0, 1, 113, 0, 0, 0, 0, 0, 0, 0], [0, 0, 0, 107, 0, 0, 0, 0, 0, 0], [0, 0, 0, 0, 113, 0, 0, 0, 0, 1], [0, 0, 0, 0, 0, 106, 0, 0, 0, 0], [0, 0, 0, 0, 0, 0, 105, 0, 0, 0], [0, 0, 0, 1, 0, 0, 0, 113, 1, 0], [0, 0, 0, 0, 0, 0, 0, 1, 105, 0], [0, 0, 0, 0, 0, 0, 0, 1, 0, 104]]}"
c-k7-b-di-re,relieff,cosine,7,borda,different_class_retention,8,10,9894,1098,0.002419416996417567,1.7510383330009063,1.7534577499973238,0.9954462659380692,0.9955208249340327,0.9953974559039107,0.995438391187266,0.9954870598822037,0.9954462659380692,0.9954459824744019,"{""labels"": [""0"", ""1"", ""2"", ""3"", ""4"", ""5"", ""6"", ""7"", ""8"", ""9""], ""matrix"": [[113, 0, 0, 0, 0, 0, 1, 0, 0, 0], [0, 113, 1, 0, 0, 0, 0, 0, 0, 0], [0, 0, 115, 0, 0, 0, 0, 0, 0, 0], [0, 0, 0, 104, 1, 0, 0, 0, 0, 0], [0, 0, 0, 0, 114, 0, 0, 0, 0, 0], [0, 0, 0, 0, 0, 106, 0, 0, 0, 0], [0, 0, 0, 0, 0, 0, 105, 0, 0, 0], [0, 0, 0, 0, 0, 0, 0, 114, 0, 0], [0, 0, 0, 0, 0, 0, 0, 1, 105, 0], [0, 0, 0, 0, 0, 1, 0, 0, 0, 104]]}"
c-k7-b-di-re,relieff,cosine,7,borda,different_class_retention,9,10,9890,1102,0.002388541994150728,1.78638587500609,1.7887744170002406,0.9918330308529946,0.9918270788151785,0.9918543487512876,0.9918137671979471,0.9918806254470676,0.9918330308529946,0.9918290254853287,"{""labels"": [""0"", ""1"", ""2"", ""3"", ""4"", ""5"", ""6"", ""7"", ""8"", ""9""], ""matrix"": [[113, 0, 0, 0, 1, 0, 0, 0, 0, 1], [0, 112, 1, 1, 0, 0, 0, 0, 0, 0], [0, 0, 115, 0, 0, 0, 0, 0, 0, 0], [0, 0, 0, 104, 0, 0, 0, 0, 0, 1], [0, 0, 0, 0, 114, 1, 0, 0, 0, 0], [0, 0, 0, 0, 0, 105, 0, 0, 1, 0], [0, 0, 0, 0, 0, 0, 106, 0, 0, 0], [0, 0, 0, 0, 0, 0, 0, 114, 0, 0], [0, 0, 0, 0, 0, 0, 0, 0, 106, 0], [0, 0, 0, 0, 0, 0, 0, 2, 0, 104]]}"
c-k7-b-di-in,information_gain,cosine,7,borda,different_class_retention,0,10,9894,1098,0.002071750001050532,0.7641990830015857,0.7662708330026362,0.9936247723132969,0.993609624286304,0.9936673101950941,0.9936179424930678,0.993657996409564,0.9936247723132969,0.9936208720672721,"{""labels"": [""0"", ""1"", ""2"", ""3"", ""4"", ""5"", ""6"", ""7"", ""8"", ""9""], ""matrix"": [[115, 0, 0, 0, 0, 0, 0, 0, 0, 0], [0, 113, 1, 0, 0, 0, 0, 0, 0, 0], [0, 1, 113, 0, 0, 0, 0, 0, 0, 0], [0, 0, 0, 105, 0, 0, 0, 0, 0, 0], [0, 0, 0, 0, 113, 1, 0, 0, 0, 1], [0, 0, 0, 0, 0, 105, 0, 0, 0, 0], [0, 0, 0, 0, 0, 0, 105, 0, 0, 0], [0, 0, 0, 0, 0, 0, 0, 114, 0, 0], [1, 0, 0, 0, 0, 1, 0, 0, 104, 0], [0, 0, 0, 0, 0, 0, 0, 0, 1, 104]]}"
c-k7-b-di-in,information_gain,cosine,7,borda,different_class_retention,1,10,9893,1099,0.0023037499995552935,0.7402795410016552,0.7425832910012105,0.9927206551410374,0.9928892424951637,0.9928473357306309,0.9928471246416702,0.9927613401345136,0.9927206551410374,0.9927201190195848,"{""labels"": [""0"", ""1"", ""2"", ""3"", ""4"", ""5"", ""6"", ""7"", ""8"", ""9""], ""matrix"": [[114, 0, 0, 0, 1, 0, 0, 0, 0, 0], [0, 113, 1, 0, 0, 0, 0, 0, 0, 0], [0, 1, 113, 0, 0, 0, 0, 0, 0, 0], [0, 0, 0, 103, 0, 0, 0, 1, 0, 1], [0, 0, 0, 0, 114, 1, 0, 0, 0, 0], [0, 0, 0, 0, 0, 105, 0, 0, 0, 0], [0, 0, 0, 0, 0, 0, 106, 0, 0, 0], [0, 1, 1, 0, 0, 0, 0, 112, 0, 0], [0, 0, 0, 0, 0, 0, 0, 0, 105, 0], [0, 0, 0, 0, 0, 0, 0, 0, 0, 106]]}"
c-k7-b-di-in,information_gain,cosine,7,borda,different_class_retention,2,10,9895,1097,0.0019292500001029111,0.7600724160001846,0.7620016660002875,0.9963536918869644,0.9963088949517231,0.9963484798953907,0.9963118628419064,0.9963956962896483,0.9963536918869644,0.9963581029850453,"{""labels"": [""0"", ""1"", ""2"", ""3"", ""4"", ""5"", ""6"", ""7"", ""8"", ""9""], ""matrix"": [[113, 0, 0, 0, 0, 0, 0, 0, 0, 1], [0, 114, 0, 0, 1, 0, 0, 0, 0, 0], [0, 0, 115, 0, 0, 0, 0, 0, 0, 0], [0, 0, 0, 104, 0, 1, 0, 0, 0, 0], [0, 0, 0, 0, 114, 0, 0, 0, 0, 0], [0, 0, 0, 0, 0, 105, 0, 0, 0, 0], [0, 0, 0, 0, 0, 0, 105, 0, 0, 0], [0, 0, 0, 0, 0, 0, 0, 114, 0, 0], [0, 0, 0, 0, 0, 0, 0, 0, 105, 0], [0, 0, 0, 0, 0, 1, 0, 0, 0, 104]]}"
c-k7-b-di-in,information_gain,cosine,7,borda,different_class_retention,3,10,9892,1100,0.0023977079981705174,0.7594613340042997,0.7618590420024702,0.9918181818181818,0.9919503655724389,0.9919178380734446,0.9919146387931639,0.9918576098338903,0.9918181818181818,0.9918180022891288,"{""labels"": [""0"", ""1"", ""2"", ""3"", ""4"", ""5"", ""6"", ""7"", ""8"", ""9""], ""matrix"": [[114, 0, 0, 0, 0, 0, 0, 0, 0, 0], [0, 113, 0, 1, 0, 0, 0, 0, 0, 0], [0, 1, 113, 0, 0, 0, 0, 1, 0, 0], [0, 1, 1, 103, 0, 0, 0, 0, 0, 0], [0, 0, 0, 0, 115, 0, 0, 0, 0, 0], [0, 0, 0, 1, 0, 104, 0, 0, 0, 0], [0, 0, 0, 0, 0, 0, 105, 0, 0, 0], [0, 1, 1, 0, 0, 0, 0, 112, 1, 0], [0, 0, 0, 0, 0, 0, 0, 0, 106, 0], [0, 0, 0, 0, 0, 0, 0, 0, 0, 106]]}"
c-k7-b-di-in,information_gain,cosine,7,borda,different_class_retention,4,10,9894,1098,0.0021173339991946705,0.7598846660039271,0.7620020000031218,0.994535519125683,0.9946795397656759,0.9945431462166491,0.9945688280788296,0.9946306800124093,0.994535519125683,0.994539332540112,"{""labels"": [""0"", ""1"", ""2"", ""3"", ""4"", ""5"", ""6"", ""7"", ""8"", ""9""], ""matrix"": [[114, 0, 0, 0, 0, 0, 0, 0, 0, 0], [0, 112, 2, 1, 0, 0, 0, 0, 0, 0], [0, 0, 114, 0, 0, 0, 0, 0, 0, 0], [0, 0, 1, 104, 0, 0, 0, 0, 0, 0], [0, 0, 0, 0, 114, 0, 0, 0, 0, 0], [0, 0, 0, 1, 0, 105, 0, 0, 0, 0], [0, 0, 0, 0, 0, 0, 106, 0, 0, 0], [0, 0, 0, 0, 0, 0, 0, 114, 0, 0], [0, 0, 0, 0, 0, 0, 0, 0, 105, 0], [0, 0, 0, 0, 0, 0, 0, 1, 0, 104]]}"
c-k7-b-di-in,information_gain,cosine,7,borda,different_class_retention,5,10,9894,1098,0.0021875409947824664,0.767483750001702,0.7696712909964845,0.9963570127504554,0.9963650923864213,0.996265664160401,0.9963028565195108,0.9963814437765136,0.9963570127504554,0.9963567842880752,"{""labels"": [""0"", ""1"", ""2"", ""3"", ""4"", ""5"", ""6"", ""7"", ""8"", ""9""], ""matrix"": [[114, 0, 0, 0, 0, 0, 0, 0, 0, 0], [0, 114, 0, 0, 0, 0, 0, 0, 0, 0], [0, 0, 114, 0, 0, 0, 0, 0, 0, 0], [0, 0, 0, 105, 0, 0, 0, 0, 0, 0], [0, 0, 0, 0, 113, 0, 0, 0, 0, 1], [0, 0, 0, 1, 0, 104, 0, 0, 0, 0], [0, 0, 0, 0, 0, 0, 108, 0, 0, 0], [0, 0, 0, 0, 0, 0, 0, 114, 0, 0], [0, 0, 0, 0, 0, 0, 0, 1, 104, 0], [0, 1, 0, 0, 0, 0, 0, 0, 0, 104]]}"
c-k7-b-di-in,information_gain,cosine,7,borda,different_class_retention,6,10,9890,1102,0.0021446669998113066,0.817876166998758,0.8200208339985693,0.9945553539019963,0.9947055047994304,0.9946183341865739,0.9946198083221223,0.9946413729954843,0.9945553539019963,0.9945549449154661,"{""labels"": [""0"", ""1"", ""2"", ""3"", ""4"", ""5"", ""6"", ""7"", ""8"", ""9""], ""matrix"": [[114, 0, 0, 0, 0, 0, 0, 0, 0, 0], [0, 112, 3, 0, 0, 0, 0, 0, 0, 0], [0, 0, 114, 0, 0, 0, 0, 0, 0, 0], [0, 0, 0, 108, 0, 0, 0, 0, 0, 0], [0, 0, 0, 0, 113, 0, 0, 1, 0, 0], [0, 0, 0, 1, 0, 105, 0, 0, 0, 0], [0, 0, 0, 0, 0, 1, 104, 0, 0, 0], [0, 0, 0, 0, 0, 0, 0, 114, 0, 0], [0, 0, 0, 0, 0, 0, 0, 0, 105, 0], [0, 0, 0, 0, 0, 0, 0, 0, 0, 107]]}"
c-k7-b-di-in,information_gain,cosine,7,borda,different_class_retention,7,10,9892,1100,0.0026011250010924414,0.8136699160022545,0.8162710410033469,0.9936363636363637,0.9939423741725688,0.9937182579089232,0.9937993779448625,0.9937065568542132,0.9936363636363637,0.9936396791458074,"{""labels"": [""0"", ""1"", ""2"", ""3"", ""4"", ""5"", ""6"", ""7"", ""8"", ""9""], ""matrix"": [[112, 0, 0, 0, 2, 0, 0, 0, 0, 0], [0, 112, 2, 0, 0, 0, 0, 0, 0, 0], [0, 1, 113, 0, 0, 0, 0, 0, 0, 0], [0, 0, 0, 107, 0, 0, 0, 0, 0, 0], [0, 0, 0, 0, 114, 0, 0, 0, 0, 0], [0, 0, 0, 0, 0, 106, 0, 0, 0, 0], [0, 0, 0, 0, 0, 0, 105, 0, 0, 0], [0, 0, 0, 0, 0, 0, 0, 115, 0, 0], [0, 0, 0, 0, 0, 0, 0, 1, 105, 0], [0, 0, 0, 0, 0, 0, 0, 1, 0, 104]]}"
c-k7-b-di-in,information_gain,cosine,7,borda,different_class_retention,8,10,9894,1098,0.0023127909953473136,0.8077719590000925,0.8100847499954398,0.9972677595628415,0.9973098455737375,0.9973760488176964,0.9973387795165023,0.9972763515139018,0.9972677595628415,0.9972679116803959,"{""labels"": [""0"", ""1"", ""2"", ""3"", ""4"", ""5"", ""6"", ""7"", ""8"", ""9""], ""matrix"": [[113, 0, 0, 0, 0, 0, 1, 0, 0, 0], [0, 113, 1, 0, 0, 0, 0, 0, 0, 0], [0, 1, 114, 0, 0, 0, 0, 0, 0, 0], [0, 0, 0, 105, 0, 0, 0, 0, 0, 0], [0, 0, 0, 0, 114, 0, 0, 0, 0, 0], [0, 0, 0, 0, 0, 106, 0, 0, 0, 0], [0, 0, 0, 0, 0, 0, 105, 0, 0, 0], [0, 0, 0, 0, 0, 0, 0, 114, 0, 0], [0, 0, 0, 0, 0, 0, 0, 0, 106, 0], [0, 0, 0, 0, 0, 0, 0, 0, 0, 105]]}"
c-k7-b-di-in,information_gain,cosine,7,borda,different_class_retention,9,10,9890,1102,0.002365166998060886,0.8010789580002893,0.8034441249983502,0.9909255898366606,0.9910818571293524,0.9909033247598078,0.9909392997061763,0.9910342393836354,0.9909255898366606,0.9909247950210792,"{""labels"": [""0"", ""1"", ""2"", ""3"", ""4"", ""5"", ""6"", ""7"", ""8"", ""9""], ""matrix"": [[113, 0, 0, 0, 1, 0, 0, 0, 0, 1], [0, 111, 2, 1, 0, 0, 0, 0, 0, 0], [0, 0, 115, 0, 0, 0, 0, 0, 0, 0], [0, 0, 0, 104, 0, 0, 0, 0, 0, 1], [0, 0, 0, 0, 115, 0, 0, 0, 0, 0], [0, 0, 0, 0, 0, 105, 0, 0, 1, 0], [0, 0, 0, 0, 0, 0, 106, 0, 0, 0], [0, 0, 0, 0, 0, 0, 0, 114, 0, 0], [0, 0, 0, 0, 0, 0, 0, 1, 105, 0], [0, 0, 0, 0, 0, 0, 0, 2, 0, 104]]}"
