config_id,metric,k,vote,retention,fold_id,num_folds,n_train,n_test,fit_time_s,predict_time_s,total_time_s,accuracy,precision_macro,recall_macro,f1_macro,precision_weighted,recall_weighted,f1_weighted,confusion_matrix_json
c-k3-mp-AR,cosine,3,modified_plurality,RetentionPolicy.ALWAYS_RETAIN,0,10,43958,4884,0.0659936999982164,51.64545020000151,51.71144389999972,0.777027027027027,0.6877712500040394,0.6605547988813758,0.6709539705295625,0.7635196527708815,0.777027027027027,0.768343801702496,"{""labels"": [""<=50K"", "">50K""], ""matrix"": [[3284, 431], [658, 511]]}"
c-k3-mp-AR,cosine,3,modified_plurality,RetentionPolicy.ALWAYS_RETAIN,1,10,43959,4883,0.0634253999996872,51.6875297000006,51.75095510000028,0.7843538808109769,0.6996498160476292,0.6739638452036357,0.6841877457475618,0.7727081475587184,0.7843538808109769,0.7769597988408411,"{""labels"": [""<=50K"", "">50K""], ""matrix"": [[3290, 425], [628, 540]]}"
c-k3-mp-AR,cosine,3,modified_plurality,RetentionPolicy.ALWAYS_RETAIN,2,10,43957,4885,0.0631634999990637,51.58468350000112,51.64784700000018,0.7828045035823951,0.6986276600129275,0.6818367440843888,0.6890849671516688,0.7746227174390697,0.7828045035823951,0.7780171894545019,"{""labels"": [""<=50K"", "">50K""], ""matrix"": [[3253, 462], [599, 571]]}"
c-k3-mp-AR,cosine,3,modified_plurality,RetentionPolicy.ALWAYS_RETAIN,3,10,43958,4884,0.062658900002134,51.79642629999944,51.85908520000157,0.7790745290745291,0.6914304477081665,0.6678390927053689,0.677279401511641,0.7674403589816492,0.7790745290745291,0.7718379086316698,"{""labels"": [""<=50K"", "">50K""], ""matrix"": [[3274, 442], [637, 531]]}"
c-k3-mp-AR,cosine,3,modified_plurality,RetentionPolicy.ALWAYS_RETAIN,4,10,43957,4885,0.0601569999998901,51.83271079999759,51.89286779999748,0.7871033776867963,0.7038838213647824,0.6739062625172536,0.6854532855656219,0.7743727505141571,0.7871033776867963,0.778684392743379,"{""labels"": [""<=50K"", "">50K""], ""matrix"": [[3311, 405], [635, 534]]}"
c-k3-mp-AR,cosine,3,modified_plurality,RetentionPolicy.ALWAYS_RETAIN,5,10,43958,4884,0.0627746999998635,51.73760609999954,51.8003807999994,0.7714987714987716,0.6786370894652798,0.6525871094268398,0.6624481646444478,0.7574025907373626,0.7714987714987716,0.762542165460304,"{""labels"": [""<=50K"", "">50K""], ""matrix"": [[3272, 444], [672, 496]]}"
c-k3-mp-AR,cosine,3,modified_plurality,RetentionPolicy.ALWAYS_RETAIN,6,10,43958,4884,0.0631341999978758,51.69077300000208,51.75390719999996,0.788083538083538,0.7058208699700712,0.6815995772346866,0.6914740920304341,0.7775471552498269,0.788083538083538,0.7814732320418512,"{""labels"": [""<=50K"", "">50K""], ""matrix"": [[3291, 424], [611, 558]]}"
c-k3-mp-AR,cosine,3,modified_plurality,RetentionPolicy.ALWAYS_RETAIN,7,10,43958,4884,0.0623709000028611,51.6145061999996,51.67687710000246,0.7886977886977887,0.7063426211793764,0.6773919150065617,0.6887103165388146,0.7765705217272059,0.7886977886977887,0.7807508075290841,"{""labels"": [""<=50K"", "">50K""], ""matrix"": [[3310, 406], [626, 542]]}"
c-k3-mp-AR,cosine,3,modified_plurality,RetentionPolicy.ALWAYS_RETAIN,8,10,43958,4884,0.0672852999996393,51.4061967000016,51.47348200000124,0.7821457821457821,0.6958991785513606,0.6686832763171476,0.6792771575107852,0.7695440666071871,0.7821457821457821,0.7740382766611729,"{""labels"": [""<=50K"", "">50K""], ""matrix"": [[3293, 423], [641, 527]]}"
c-k3-mp-AR,cosine,3,modified_plurality,RetentionPolicy.ALWAYS_RETAIN,9,10,43957,4885,0.0663211999999475,51.9521818999965,52.01850309999645,0.7727737973387923,0.6823530555879722,0.6617748559202126,0.6701252007592349,0.7615684730598611,0.7727737973387923,0.7659933395830784,"{""labels"": [""<=50K"", "">50K""], ""matrix"": [[3250, 465], [645, 525]]}"
c-k5-b-AR,cosine,5,borda,RetentionPolicy.ALWAYS_RETAIN,0,10,43958,4884,0.0651856000004045,51.62227669999993,51.687462300000334,0.7833742833742834,0.6982783132628727,0.672934615291624,0.6830274067792618,0.7717204623827546,0.7833742833742834,0.7759979845852754,"{""labels"": [""<=50K"", "">50K""], ""matrix"": [[3287, 428], [630, 539]]}"
c-k5-b-AR,cosine,5,borda,RetentionPolicy.ALWAYS_RETAIN,1,10,43959,4883,0.0611898000024666,51.606638699999166,51.66782850000163,0.7804628302273193,0.6935673347899053,0.669058703147182,0.6788146533739772,0.7686683958279417,0.7804628302273193,0.7730621620909275,"{""labels"": [""<=50K"", "">50K""], ""matrix"": [[3279, 436], [636, 532]]}"
c-k5-b-AR,cosine,5,borda,RetentionPolicy.ALWAYS_RETAIN,2,10,43957,4885,0.060264100000495,51.46058519999861,51.5208492999991,0.7873080859774821,0.7052399928521277,0.6865542786807928,0.6945471394127751,0.7788093119799991,0.7873080859774821,0.7822427594005831,"{""labels"": [""<=50K"", "">50K""], ""matrix"": [[3269, 446], [593, 577]]}"
c-k5-b-AR,cosine,5,borda,RetentionPolicy.ALWAYS_RETAIN,3,10,43958,4884,0.0594947999998112,51.51493660000051,51.57443140000032,0.7864455364455365,0.7029602136899815,0.6776730023445449,0.6878369004961322,0.7752649731669202,0.7864455364455365,0.7793687053774008,"{""labels"": [""<=50K"", "">50K""], ""matrix"": [[3293, 423], [620, 548]]}"
c-k5-b-AR,cosine,5,borda,RetentionPolicy.ALWAYS_RETAIN,4,10,43957,4885,0.0592371999991883,51.45713869999963,51.51637589999882,0.7875127942681679,0.7045930507877379,0.6756411826508447,0.6869182156629619,0.7752037450855164,0.7875127942681679,0.7794477901329726,"{""labels"": [""<=50K"", "">50K""], ""matrix"": [[3308, 408], [630, 539]]}"
c-k5-b-AR,cosine,5,borda,RetentionPolicy.ALWAYS_RETAIN,5,10,43958,4884,0.0599134000003687,51.47080619999906,51.53071959999943,0.7766175266175266,0.6868911478472592,0.6597668173171919,0.6701232124573085,0.7630479809940418,0.7766175266175266,0.7679060998375736,"{""labels"": [""<=50K"", "">50K""], ""matrix"": [[3284, 432], [659, 509]]}"
c-k5-b-AR,cosine,5,borda,RetentionPolicy.ALWAYS_RETAIN,6,10,43958,4884,0.0588055000007443,51.785592799998994,51.84439829999974,0.7874692874692875,0.705094713283494,0.683833947179665,0.6927242893177277,0.7779667306139423,0.7874692874692875,0.7816699992343469,"{""labels"": [""<=50K"", "">50K""], ""matrix"": [[3279, 436], [602, 567]]}"
c-k5-b-AR,cosine,5,borda,RetentionPolicy.ALWAYS_RETAIN,7,10,43958,4884,0.0617883000013534,51.65765109999848,51.71943939999983,0.7927927927927928,0.7129099606341751,0.6797894517598833,0.6924202811861284,0.7800410478176044,0.7927927927927928,0.7840866466247595,"{""labels"": [""<=50K"", "">50K""], ""matrix"": [[3331, 385], [627, 541]]}"
c-k5-b-AR,cosine,5,borda,RetentionPolicy.ALWAYS_RETAIN,8,10,43958,4884,0.0579886000014084,51.338463399999455,51.39645200000086,0.7882882882882883,0.7056051371826728,0.6744810482622352,0.6863864669498472,0.7753656236121789,0.7882882882882883,0.7796500591805757,"{""labels"": [""<=50K"", "">50K""], ""matrix"": [[3317, 399], [635, 533]]}"
c-k5-b-AR,cosine,5,borda,RetentionPolicy.ALWAYS_RETAIN,9,10,43957,4885,0.0612096000004385,51.534463199997845,51.59567279999828,0.7762538382804504,0.6878081048324913,0.6669904867078488,0.6754999303814204,0.7654536348859774,0.7762538382804504,0.7697022432407264,"{""labels"": [""<=50K"", "">50K""], ""matrix"": [[3257, 458], [635, 535]]}"
c-k5-mp-AR,cosine,5,modified_plurality,RetentionPolicy.ALWAYS_RETAIN,0,10,43958,4884,0.0665455999987898,51.629119599998376,51.695665199997165,0.7952497952497952,0.7188371068821104,0.665791355186186,0.6827951849296279,0.7783315119537084,0.7952497952497952,0.781250975120531,"{""labels"": [""<=50K"", "">50K""], ""matrix"": [[3396, 319], [681, 488]]}"
c-k5-mp-AR,cosine,5,modified_plurality,RetentionPolicy.ALWAYS_RETAIN,1,10,43959,4883,0.0607978000007278,51.56709060000139,51.62788840000212,0.7939791112021298,0.7158588275924274,0.6676693661387563,0.6837304918877156,0.7776706829369171,0.7939791112021298,0.7811301566098152,"{""labels"": [""<=50K"", "">50K""], ""matrix"": [[3380, 335], [671, 497]]}"
c-k5-mp-AR,cosine,5,modified_plurality,RetentionPolicy.ALWAYS_RETAIN,2,10,43957,4885,0.0590039999988221,51.88934810000137,51.94835210000019,0.7944728761514841,0.7162217023152957,0.6777979086861994,0.6918574376821385,0.7806087819832878,0.7944728761514841,0.7844989030615228,"{""labels"": [""<=50K"", "">50K""], ""matrix"": [[3350, 365], [639, 531]]}"
c-k5-mp-AR,cosine,5,modified_plurality,RetentionPolicy.ALWAYS_RETAIN,3,10,43958,4884,0.0613267999979143,51.80905250000069,51.8703792999986,0.7895167895167895,0.7077464788732395,0.6644277983396494,0.679204853887557,0.7732655831247381,0.7895167895167895,0.7773455005297653,"{""labels"": [""<=50K"", "">50K""], ""matrix"": [[3360, 356], [672, 496]]}"
c-k5-mp-AR,cosine,5,modified_plurality,RetentionPolicy.ALWAYS_RETAIN,4,10,43957,4885,0.0647855999995954,51.74740390000079,51.81218950000039,0.79467758444217,0.7175026136179867,0.6665719000258747,0.6831741537777902,0.7780026599981635,0.79467758444217,0.7811725105418259,"{""labels"": [""<=50K"", "">50K""], ""matrix"": [[3390, 326], [677, 492]]}"
c-k5-mp-AR,cosine,5,modified_plurality,RetentionPolicy.ALWAYS_RETAIN,5,10,43958,4884,0.0609914999986358,51.71013089999906,51.771122399997694,0.7917690417690417,0.7121460029219884,0.6620920086409012,0.6782524288824954,0.7744937297143338,0.7917690417690417,0.7779560930103548,"{""labels"": [""<=50K"", "">50K""], ""matrix"": [[3384, 332], [685, 483]]}"
c-k5-mp-AR,cosine,5,modified_plurality,RetentionPolicy.ALWAYS_RETAIN,6,10,43958,4884,0.0607263999991118,51.6200482000022,51.680774600001314,0.7932022932022932,0.7143117098441993,0.6703079900571861,0.6855117520285883,0.7776730427242331,0.7932022932022932,0.7814460129901882,"{""labels"": [""<=50K"", "">50K""], ""matrix"": [[3366, 349], [661, 508]]}"
c-k5-mp-AR,cosine,5,modified_plurality,RetentionPolicy.ALWAYS_RETAIN,7,10,43958,4884,0.0605164999979024,51.71042149999994,51.77093799999784,0.802006552006552,0.7296209589637133,0.6805608291431352,0.697464354039171,0.7873662598632603,0.802006552006552,0.7902450995706537,"{""labels"": [""<=50K"", "">50K""], ""matrix"": [[3394, 322], [645, 523]]}"
c-k5-mp-AR,cosine,5,modified_plurality,RetentionPolicy.ALWAYS_RETAIN,8,10,43958,4884,0.0587124000012408,51.582574100000784,51.641286500002025,0.7911547911547911,0.7108087649024224,0.663743051152366,0.679346035015448,0.7743869248064706,0.7911547911547911,0.7781285283036055,"{""labels"": [""<=50K"", "">50K""], ""matrix"": [[3374, 342], [678, 490]]}"
c-k5-mp-AR,cosine,5,modified_plurality,RetentionPolicy.ALWAYS_RETAIN,9,10,43957,4885,0.0599791999993613,51.86654030000136,51.92651950000072,0.7840327533265097,0.6987003757593138,0.6606872116966329,0.6740033402532396,0.7680618899428059,0.7840327533265097,0.7726731275229621,"{""labels"": [""<=50K"", "">50K""], ""matrix"": [[3334, 381], [674, 496]]}"
c-k7-b-AR,cosine,7,borda,RetentionPolicy.ALWAYS_RETAIN,0,10,43958,4884,0.0638034000003244,51.54242339999837,51.60622679999869,0.7874692874692875,0.7043783642701908,0.6639013455496237,0.6779647666371582,0.7715369326717465,0.7874692874692875,0.775857501903521,"{""labels"": [""<=50K"", "">50K""], ""matrix"": [[3347, 368], [670, 499]]}"
c-k7-b-AR,cosine,7,borda,RetentionPolicy.ALWAYS_RETAIN,1,10,43959,4883,0.0613250999995216,51.60086239999873,51.662187499998254,0.792135981978292,0.7120967769431933,0.6720344217260643,0.6863293506851207,0.7773319306150002,0.792135981978292,0.7813538534720416,"{""labels"": [""<=50K"", "">50K""], ""matrix"": [[3352, 363], [652, 516]]}"
c-k7-b-AR,cosine,7,borda,RetentionPolicy.ALWAYS_RETAIN,2,10,43957,4885,0.0588806000014301,51.38063079999847,51.4395113999999,0.7926305015353122,0.7129821973224695,0.6821490607493299,0.6941447994995562,0.7805730390102603,0.7926305015353122,0.7845654747091517,"{""labels"": [""<=50K"", "">50K""], ""matrix"": [[3322, 393], [620, 550]]}"
c-k7-b-AR,cosine,7,borda,RetentionPolicy.ALWAYS_RETAIN,3,10,43958,4884,0.0613333000001148,51.3848545999972,51.44618789999731,0.7899262899262899,0.7082601301257223,0.6708610119881446,0.6844166444143268,0.7753844446972856,0.7899262899262899,0.7796144407190301,"{""labels"": [""<=50K"", "">50K""], ""matrix"": [[3341, 375], [651, 517]]}"
c-k7-b-AR,cosine,7,borda,RetentionPolicy.ALWAYS_RETAIN,4,10,43957,4885,0.0588869999992311,51.4065225000013,51.46540950000053,0.7975435005117707,0.7218199759823893,0.6757847138262304,0.691729887499385,0.782527504146171,0.7975435005117707,0.7858973481361936,"{""labels"": [""<=50K"", "">50K""], ""matrix"": [[3379, 337], [652, 517]]}"
c-k7-b-AR,cosine,7,borda,RetentionPolicy.ALWAYS_RETAIN,5,10,43958,4884,0.059940800001641,51.589712099998,51.64965289999964,0.7862407862407862,0.7020520463143414,0.660807301266644,0.6749250189285606,0.7697644545632623,0.7862407862407862,0.7741666477289634,"{""labels"": [""<=50K"", "">50K""], ""matrix"": [[3349, 367], [677, 491]]}"
c-k7-b-AR,cosine,7,borda,RetentionPolicy.ALWAYS_RETAIN,6,10,43958,4884,0.0604299000005994,51.49368139999933,51.55411129999993,0.7940212940212941,0.7151386481303852,0.6808126488802821,0.6938182914958666,0.7811594293395416,0.7940212940212941,0.7851271119789512,"{""labels"": [""<=50K"", "">50K""], ""matrix"": [[3336, 379], [627, 542]]}"
c-k7-b-AR,cosine,7,borda,RetentionPolicy.ALWAYS_RETAIN,7,10,43958,4884,0.0603693999983079,51.59305070000119,51.65342009999949,0.7977067977067978,0.7214049773755655,0.6803769703761594,0.6952364495132768,0.7837981218569453,0.7977067977067978,0.7874308164614021,"{""labels"": [""<=50K"", "">50K""], ""matrix"": [[3364, 352], [636, 532]]}"
c-k7-b-AR,cosine,7,borda,RetentionPolicy.ALWAYS_RETAIN,8,10,43958,4884,0.0593761000018275,51.37406759999794,51.43344369999977,0.7901310401310402,0.7087098688704494,0.6674732183670761,0.6818828397775767,0.7745705496234605,0.7901310401310402,0.7786944980789543,"{""labels"": [""<=50K"", "">50K""], ""matrix"": [[3354, 362], [663, 505]]}"
c-k7-b-AR,cosine,7,borda,RetentionPolicy.ALWAYS_RETAIN,9,10,43957,4885,0.0603135000019392,57.42689649999738,57.48720999999932,0.7840327533265097,0.6989929520039508,0.6674207129792594,0.6792576855271182,0.7702092384027375,0.7840327533265097,0.7747636122998444,"{""labels"": [""<=50K"", "">50K""], ""matrix"": [[3311, 404], [651, 519]]}"
c-k7-b-NR,cosine,7,borda,RetentionPolicy.NEVER_RETAIN,0,10,43958,4884,0.0671028999968257,48.25827290000234,48.325375799999165,0.7819410319410319,0.6949323918011099,0.6567499110604018,0.6699462055451113,0.7653916786319754,0.7819410319410319,0.7701707496590002,"{""labels"": [""<=50K"", "">50K""], ""matrix"": [[3332, 383], [682, 487]]}"
c-k7-b-NR,cosine,7,borda,RetentionPolicy.NEVER_RETAIN,1,10,43959,4883,0.0597109999980602,47.56872149999981,47.62843249999787,0.7909072291624002,0.7099846533436209,0.6712268847139512,0.6851525460806582,0.7761940335589858,0.7909072291624002,0.780331760854226,"{""labels"": [""<=50K"", "">50K""], ""matrix"": [[3346, 369], [652, 516]]}"
c-k7-b-NR,cosine,7,borda,RetentionPolicy.NEVER_RETAIN,2,10,43957,4885,0.0583213999998406,48.07488639999792,48.13320779999776,0.7950870010235415,0.7169498842476203,0.6846424175495508,0.697144626008481,0.782994043063535,0.7950870010235415,0.7868722517872171,"{""labels"": [""<=50K"", "">50K""], ""matrix"": [[3331, 384], [617, 553]]}"
c-k7-b-NR,cosine,7,borda,RetentionPolicy.NEVER_RETAIN,3,10,43958,4884,0.0616750999979558,47.76417270000093,47.82584779999888,0.7878787878787878,0.7048298298298299,0.6674607767963785,0.6808864249156401,0.7729150116537503,0.7878787878787878,0.7772854846151098,"{""labels"": [""<=50K"", "">50K""], ""matrix"": [[3338, 378], [658, 510]]}"
c-k7-b-NR,cosine,7,borda,RetentionPolicy.NEVER_RETAIN,4,10,43957,4885,0.0594607999992149,47.849145500000304,47.90860629999952,0.797338792221085,0.7212970608351632,0.6768228113970429,0.6924276197027452,0.7826070607844963,0.797338792221085,0.7860864898058687,"{""labels"": [""<=50K"", "">50K""], ""matrix"": [[3374, 342], [648, 521]]}"
c-k7-b-NR,cosine,7,borda,RetentionPolicy.NEVER_RETAIN,5,10,43958,4884,0.0595653000018501,48.23705889999837,48.296624200000224,0.7866502866502867,0.7027561375930463,0.6616634656502056,0.6757839854440928,0.7703169124975495,0.7866502866502867,0.7746941169123638,"{""labels"": [""<=50K"", "">50K""], ""matrix"": [[3349, 367], [675, 493]]}"
c-k7-b-NR,cosine,7,borda,RetentionPolicy.NEVER_RETAIN,6,10,43958,4884,0.0622552999993786,47.52097919999869,47.58323449999807,0.7925880425880426,0.712794048887424,0.678991142882472,0.691795108420707,0.779621518611692,0.7925880425880426,0.7836743817433122,"{""labels"": [""<=50K"", "">50K""], ""matrix"": [[3332, 383], [630, 539]]}"
c-k7-b-NR,cosine,7,borda,RetentionPolicy.NEVER_RETAIN,7,10,43958,4884,0.0606656000018119,47.67412649999824,47.73479210000005,0.7958640458640459,0.7183095222796793,0.6776983462848548,0.6923501887561114,0.7816863427071861,0.7958640458640459,0.7854505445312674,"{""labels"": [""<=50K"", "">50K""], ""matrix"": [[3360, 356], [641, 527]]}"
c-k7-b-NR,cosine,7,borda,RetentionPolicy.NEVER_RETAIN,8,10,43958,4884,0.0585733999978401,47.32526399999915,47.38383739999699,0.7911547911547911,0.7105017531188671,0.6681459847825766,0.6828599694171302,0.7755346458136565,0.7911547911547911,0.7795436434842501,"{""labels"": [""<=50K"", "">50K""], ""matrix"": [[3359, 357], [663, 505]]}"
c-k7-b-NR,cosine,7,borda,RetentionPolicy.NEVER_RETAIN,9,10,43957,4885,0.0599418000019795,47.71316769999976,47.77310950000174,0.7840327533265097,0.6989759080366074,0.6671279520539278,0.6790345192927427,0.7701128358258947,0.7840327533265097,0.7746753588116895,"{""labels"": [""<=50K"", "">50K""], ""matrix"": [[3312, 403], [652, 518]]}"
c-k7-b-DC,cosine,7,borda,RetentionPolicy.DIFFERENT_CLASS_RETENTION,0,10,43958,4884,0.0643945000010717,48.3064177999986,48.37081229999967,0.7854217854217854,0.7008809965036014,0.6619691975403164,0.6755658989336794,0.7694727264544288,0.7854217854217854,0.7739800745138053,"{""labels"": [""<=50K"", "">50K""], ""matrix"": [[3339, 376], [672, 497]]}"
c-k7-b-DC,cosine,7,borda,RetentionPolicy.DIFFERENT_CLASS_RETENTION,1,10,43959,4883,0.0598668999991787,48.57681279999815,48.63667969999733,0.7907024370264182,0.7096267575460317,0.6713857879016943,0.6851815823605707,0.7760895047737576,0.7907024370264182,0.7802511320011486,"{""labels"": [""<=50K"", "">50K""], ""matrix"": [[3344, 371], [651, 517]]}"
c-k7-b-DC,cosine,7,borda,RetentionPolicy.DIFFERENT_CLASS_RETENTION,2,10,43957,4885,0.0608085999992908,49.539201399999,49.60000999999829,0.7930399181166837,0.71364188975088,0.6824182397533676,0.6945392450304608,0.7809305951091785,0.7930399181166837,0.7849084638496523,"{""labels"": [""<=50K"", "">50K""], ""matrix"": [[3324, 391], [620, 550]]}"
c-k7-b-DC,cosine,7,borda,RetentionPolicy.DIFFERENT_CLASS_RETENTION,3,10,43958,4884,0.0608181999996304,48.3397272000002,48.40054539999983,0.7899262899262899,0.7082707707707707,0.6702739541707832,0.6839666717793887,0.7752135837721422,0.7899262899262899,0.7794352386246166,"{""labels"": [""<=50K"", "">50K""], ""matrix"": [[3343, 373], [653, 515]]}"
c-k7-b-DC,cosine,7,borda,RetentionPolicy.DIFFERENT_CLASS_RETENTION,4,10,43957,4885,0.0598959999988437,48.18963950000034,48.24953549999918,0.7971340839303992,0.7209629318195319,0.6763950954004647,0.6920051515758234,0.7823384219892183,0.7971340839303992,0.7858255407514032,"{""labels"": [""<=50K"", "">50K""], ""matrix"": [[3374, 342], [649, 520]]}"
c-k7-b-DC,cosine,7,borda,RetentionPolicy.DIFFERENT_CLASS_RETENTION,5,10,43958,4884,0.0597172000016144,48.254086000000825,48.31380320000244,0.7858312858312858,0.7013484082104761,0.6617123103351668,0.6754827995206816,0.769729085522364,0.7858312858312858,0.7742074986496913,"{""labels"": [""<=50K"", "">50K""], ""matrix"": [[3343, 373], [673, 495]]}"
c-k7-b-DC,cosine,7,borda,RetentionPolicy.DIFFERENT_CLASS_RETENTION,6,10,43958,4884,0.0596761000015249,48.20383349999975,48.26350960000127,0.7932022932022932,0.7137799303679604,0.6805674173667662,0.6932411107308026,0.7805156847495484,0.7932022932022932,0.7845256051972356,"{""labels"": [""<=50K"", "">50K""], ""matrix"": [[3331, 384], [626, 543]]}"
c-k7-b-DC,cosine,7,borda,RetentionPolicy.DIFFERENT_CLASS_RETENTION,7,10,43958,4884,0.0604963000005227,49.34445239999695,49.40494869999748,0.7972972972972973,0.720604325242413,0.6809884505360013,0.6954897446103153,0.783641000337847,0.7972972972972973,0.7873472673604677,"{""labels"": [""<=50K"", "">50K""], ""matrix"": [[3359, 357], [633, 535]]}"
c-k7-b-DC,cosine,7,borda,RetentionPolicy.DIFFERENT_CLASS_RETENTION,8,10,43958,4884,0.0635651999982656,52.45474290000129,52.51830809999956,0.790950040950041,0.7100717871214983,0.6694790760428802,0.6838104733638551,0.775743485896236,0.790950040950041,0.7798328505040596,"{""labels"": [""<=50K"", "">50K""], ""matrix"": [[3353, 363], [658, 510]]}"
c-k7-b-DC,cosine,7,borda,RetentionPolicy.DIFFERENT_CLASS_RETENTION,9,10,43957,4885,0.0637127000009059,48.57251600000018,48.63622870000109,0.7825997952917093,0.6967768168631041,0.6670641083157907,0.6783566813712021,0.7691730648249205,0.7825997952917093,0.7737535619636835,"{""labels"": [""<=50K"", "">50K""], ""matrix"": [[3302, 413], [649, 521]]}"
c-k7-b-DD,cosine,7,borda,RetentionPolicy.DD_RETENTION,0,10,43958,4884,0.0684146000021428,48.96453329999713,49.03294789999927,0.7868550368550369,0.7033255227936182,0.6632044505490078,0.6771508238450139,0.7708814766692129,0.7868550368550369,0.7752565232912796,"{""labels"": [""<=50K"", "">50K""], ""matrix"": [[3345, 370], [671, 498]]}"
c-k7-b-DD,cosine,7,borda,RetentionPolicy.DD_RETENTION,1,10,43959,4883,0.0600325000013981,49.0169410999988,49.0769736000002,0.7923407741142741,0.7124211010739379,0.6727559966076071,0.6869753063004969,0.7776841364165913,0.7923407741142741,0.7817038084260494,"{""labels"": [""<=50K"", "">50K""], ""matrix"": [[3351, 364], [650, 518]]}"
c-k7-b-DD,cosine,7,borda,RetentionPolicy.DD_RETENTION,2,10,43957,4885,0.0598312000001897,48.97739880000154,49.03723000000173,0.792835209825998,0.7133098531732891,0.6825764111766803,0.6945513761567654,0.78084139560944,0.792835209825998,0.784819278245613,"{""labels"": [""<=50K"", "">50K""], ""matrix"": [[3322, 393], [619, 551]]}"
c-k7-b-DD,cosine,7,borda,RetentionPolicy.DD_RETENTION,3,10,43958,4884,0.0605055000014544,48.97365229999923,49.034157800000685,0.7901310401310402,0.7086117207814605,0.670702036362564,0.6843872598142664,0.7754859080650178,0.7901310401310402,0.7796950603969122,"{""labels"": [""<=50K"", "">50K""], ""matrix"": [[3343, 373], [652, 516]]}"
c-k7-b-DD,cosine,7,borda,RetentionPolicy.DD_RETENTION,4,10,43957,4885,0.0590374999992491,49.10302190000221,49.16205940000145,0.7971340839303992,0.7211489658672757,0.6749292818330739,0.6908806097085263,0.7819896121127254,0.7971340839303992,0.7853734863995564,"{""labels"": [""<=50K"", "">50K""], ""matrix"": [[3379, 337], [654, 515]]}"
c-k7-b-DD,cosine,7,borda,RetentionPolicy.DD_RETENTION,5,10,43958,4884,0.0625948000015341,49.277749400000175,49.34034420000171,0.786036036036036,0.7016980600004339,0.6606727479835439,0.6747321570884519,0.7695733483575767,0.786036036036036,0.7739979196220341,"{""labels"": [""<=50K"", "">50K""], ""matrix"": [[3348, 368], [677, 491]]}"
c-k7-b-DD,cosine,7,borda,RetentionPolicy.DD_RETENTION,6,10,43958,4884,0.0593378999983542,49.2088044000011,49.268142299999454,0.7946355446355446,0.7161480498398631,0.681509543880898,0.6946249994779145,0.7817949492320462,0.7946355446355446,0.7857258395392119,"{""labels"": [""<=50K"", "">50K""], ""matrix"": [[3338, 377], [626, 543]]}"
c-k7-b-DD,cosine,7,borda,RetentionPolicy.DD_RETENTION,7,10,43958,4884,0.061380499999359,49.25506310000128,49.31644360000064,0.7977067977067978,0.7214352007669634,0.6800834414674787,0.6950181710161232,0.7837236716011614,0.7977067977067978,0.7873437252884727,"{""labels"": [""<=50K"", "">50K""], ""matrix"": [[3365, 351], [637, 531]]}"
c-k7-b-DD,cosine,7,borda,RetentionPolicy.DD_RETENTION,8,10,43958,4884,0.058692599999631,48.86156630000187,48.9202589000015,0.7911547911547911,0.7104857656163626,0.6684395136912573,0.6830902051152603,0.7756139902906072,0.7911547911547911,0.779635985349736,"{""labels"": [""<=50K"", "">50K""], ""matrix"": [[3358, 358], [662, 506]]}"
c-k7-b-DD,cosine,7,borda,RetentionPolicy.DD_RETENTION,9,10,43957,4885,0.0611697999993339,49.16489530000035,49.22606509999969,0.7830092118730808,0.6973332251355477,0.666162243618502,0.6778495147056555,0.769129532757221,0.7830092118730808,0.7737403886902837,"{""labels"": [""<=50K"", "">50K""], ""matrix"": [[3308, 407], [653, 517]]}"
c-k7-mp-DD,cosine,7,modified_plurality,RetentionPolicy.DD_RETENTION,0,10,43958,4884,0.0636500000000523,49.35550769999827,49.41915769999832,0.7942260442260443,0.718824389170954,0.6548589803665117,0.673092957334489,0.7752869226327952,0.7942260442260443,0.7768281874811084,"{""labels"": [""<=50K"", "">50K""], ""matrix"": [[3426, 289], [716, 453]]}"
c-k7-mp-DD,cosine,7,modified_plurality,RetentionPolicy.DD_RETENTION,1,10,43959,4883,0.0606130999985907,49.36439900000187,49.42501210000046,0.802170796641409,0.7330407406912038,0.6686505558730802,0.6881023415245697,0.7854593928213534,0.802170796641409,0.7864878326124768,"{""labels"": [""<=50K"", "">50K""], ""matrix"": [[3435, 280], [686, 482]]}"
c-k7-mp-DD,cosine,7,modified_plurality,RetentionPolicy.DD_RETENTION,2,10,43957,4885,0.0615462999994633,49.265153699998336,49.3266999999978,0.7995905834186284,0.7272311530273752,0.6703304919994019,0.6884115914642088,0.7831882330473507,0.7995905834186284,0.7853788753997804,"{""labels"": [""<=50K"", "">50K""], ""matrix"": [[3412, 303], [676, 494]]}"
c-k7-mp-DD,cosine,7,modified_plurality,RetentionPolicy.DD_RETENTION,3,10,43958,4884,0.0590579000017896,49.30484929999875,49.36390720000054,0.8005733005733006,0.7294498198758936,0.6681713287228865,0.6869991312067331,0.7837731498570065,0.8005733005733006,0.7853631636832844,"{""labels"": [""<=50K"", "">50K""], ""matrix"": [[3426, 290], [684, 484]]}"
c-k7-mp-DD,cosine,7,modified_plurality,RetentionPolicy.DD_RETENTION,4,10,43957,4885,0.060041299999284,49.27001010000095,49.33005140000023,0.7981576253838281,0.7258502637782018,0.6621165634285788,0.6809284283793589,0.7804182193365811,0.7981576253838281,0.7817669169880663,"{""labels"": [""<=50K"", "">50K""], ""matrix"": [[3430, 286], [700, 469]]}"
c-k7-mp-DD,cosine,7,modified_plurality,RetentionPolicy.DD_RETENTION,5,10,43958,4884,0.0600657999966642,49.28540229999999,49.34546809999665,0.7954545454545454,0.7205363971371835,0.6580563317457275,0.6763242775499438,0.7770465930852706,0.7954545454545454,0.7787690708745895,"{""labels"": [""<=50K"", "">50K""], ""matrix"": [[3424, 292], [707, 461]]}"
c-k7-mp-DD,cosine,7,modified_plurality,RetentionPolicy.DD_RETENTION,6,10,43958,4884,0.0607359999994514,49.33160130000033,49.39233729999978,0.7993447993447993,0.726650885717318,0.6696556512048005,0.6877208512841605,0.7828374989825176,0.7993447993447993,0.785047759421964,"{""labels"": [""<=50K"", "">50K""], ""matrix"": [[3412, 303], [677, 492]]}"
c-k7-mp-DD,cosine,7,modified_plurality,RetentionPolicy.DD_RETENTION,7,10,43958,4884,0.0616047000003163,49.31657769999947,49.37818239999979,0.8018018018018018,0.7320137876579204,0.6689786484214872,0.6882022471910112,0.7851260517076845,0.8018018018018018,0.7863880223430785,"{""labels"": [""<=50K"", "">50K""], ""matrix"": [[3432, 284], [684, 484]]}"
c-k7-mp-DD,cosine,7,modified_plurality,RetentionPolicy.DD_RETENTION,8,10,43958,4884,0.0593689999986963,49.09189759999936,49.15126659999805,0.8001638001638002,0.7296090708739263,0.6643798752525178,0.683651885830785,0.7827964821847544,0.8001638001638002,0.7838112507837278,"{""labels"": [""<=50K"", "">50K""], ""matrix"": [[3436, 280], [696, 472]]}"
c-k7-mp-DD,cosine,7,modified_plurality,RetentionPolicy.DD_RETENTION,9,10,43957,4885,0.061548000001494,49.346331000000646,49.40787900000214,0.7868986693961105,0.7040358944774598,0.6523248323382913,0.6681736892339196,0.767960041845743,0.7868986693961105,0.7715806278077649,"{""labels"": [""<=50K"", "">50K""], ""matrix"": [[3383, 332], [709, 461]]}"
e-k3-b-DC,euclidean,3,borda,RetentionPolicy.DIFFERENT_CLASS_RETENTION,0,10,43958,4884,0.0651116000008187,51.5456692000007,51.61078080000152,0.75,0.6594031427120202,0.6638940922231675,0.66152726173879,0.75362683497313,0.75,0.7517361490487782,"{""labels"": [""<=50K"", "">50K""], ""matrix"": [[3080, 635], [586, 583]]}"
e-k3-b-DC,euclidean,3,borda,RetentionPolicy.DIFFERENT_CLASS_RETENTION,1,10,43959,4883,0.0600362000041059,51.60299870000017,51.66303490000428,0.7397091951669056,0.6457594454590632,0.6501996948690058,0.6478429869221778,0.7437889466904744,0.7397091951669056,0.7416614441793237,"{""labels"": [""<=50K"", "">50K""], ""matrix"": [[3053, 662], [609, 559]]}"
e-k3-b-DC,euclidean,3,borda,RetentionPolicy.DIFFERENT_CLASS_RETENTION,2,10,43957,4885,0.0627113000009558,51.514001800002006,51.57671310000296,0.7381780962128967,0.6456742952117469,0.6522034717189495,0.6486395930642266,0.7443010960278031,0.7381780962128967,0.7410465235238232,"{""labels"": [""<=50K"", "">50K""], ""matrix"": [[3036, 679], [600, 570]]}"
e-k3-b-DC,euclidean,3,borda,RetentionPolicy.DIFFERENT_CLASS_RETENTION,3,10,43958,4884,0.0621129999999539,51.45084409999981,51.51295709999977,0.7442669942669943,0.6498836310746571,0.651716199478007,0.6507779174703154,0.7458488383428434,0.7442669942669943,0.7450439118027007,"{""labels"": [""<=50K"", "">50K""], ""matrix"": [[3081, 635], [614, 554]]}"
e-k3-b-DC,euclidean,3,borda,RetentionPolicy.DIFFERENT_CLASS_RETENTION,4,10,43957,4885,0.0616730999972787,51.58906900000147,51.65074209999875,0.7465711361310133,0.6569161371044747,0.664561312558644,0.6603734189100914,0.7530640455341984,0.7465711361310133,0.7495833277933455,"{""labels"": [""<=50K"", "">50K""], ""matrix"": [[3054, 662], [576, 593]]}"
e-k3-b-DC,euclidean,3,borda,RetentionPolicy.DIFFERENT_CLASS_RETENTION,5,10,43958,4884,0.0609572999965166,52.07481489999918,52.1357721999957,0.7297297297297297,0.6341533147964635,0.6401082140171344,0.6368477868764363,0.7359629741818993,0.7297297297297297,0.7326628437145706,"{""labels"": [""<=50K"", "">50K""], ""matrix"": [[3017, 699], [621, 547]]}"
e-k3-b-DC,euclidean,3,borda,RetentionPolicy.DIFFERENT_CLASS_RETENTION,6,10,43958,4884,0.0623731000014231,51.79601890000049,51.85839200000191,0.7416052416052417,0.6505827087088154,0.6580827961458355,0.6539571872228647,0.7483647208414319,0.7416052416052417,0.7447431703219418,"{""labels"": [""<=50K"", "">50K""], ""matrix"": [[3040, 675], [587, 582]]}"
e-k3-b-DC,euclidean,3,borda,RetentionPolicy.DIFFERENT_CLASS_RETENTION,7,10,43958,4884,0.0615407000004779,51.64609519999794,51.70763589999842,0.7444717444717445,0.649746192893401,0.650970166035065,0.6503483762899904,0.7455242506003927,0.7444717444717445,0.7449917630804835,"{""labels"": [""<=50K"", "">50K""], ""matrix"": [[3085, 631], [617, 551]]}"
e-k3-b-DC,euclidean,3,borda,RetentionPolicy.DIFFERENT_CLASS_RETENTION,8,10,43958,4884,0.0608013000019127,50.94295729999431,51.00375859999622,0.7483619983619983,0.6561184305865123,0.6591037276789006,0.6575560876622404,0.7508148893665036,0.7483619983619983,0.7495534874487149,"{""labels"": [""<=50K"", "">50K""], ""matrix"": [[3085, 631], [598, 570]]}"
e-k3-b-DC,euclidean,3,borda,RetentionPolicy.DIFFERENT_CLASS_RETENTION,9,10,43957,4885,0.0649726999981794,51.49905430000217,51.56402700000035,0.7361310133060389,0.6422053611950247,0.6476372065201137,0.6447070461617648,0.7413512693752533,0.7361310133060389,0.7386029284790278,"{""labels"": [""<=50K"", "">50K""], ""matrix"": [[3037, 678], [611, 559]]}"
e-k5-mp-AR,euclidean,5,modified_plurality,RetentionPolicy.ALWAYS_RETAIN,0,10,43958,4884,0.0632736000043223,55.18798439999955,55.25125800000387,0.788083538083538,0.7084336286750459,0.638216856039891,0.6556255477781794,0.7661752771243685,0.788083538083538,0.7669619767373882,"{""labels"": [""<=50K"", "">50K""], ""matrix"": [[3439, 276], [759, 410]]}"
e-k5-mp-AR,euclidean,5,modified_plurality,RetentionPolicy.ALWAYS_RETAIN,1,10,43959,4883,0.0627489000034984,55.03131809999468,55.09406699999818,0.7784149088674995,0.6879875069805081,0.6295587584579362,0.6444947004645505,0.7548046211685461,0.7784149088674995,0.7583067694676572,"{""labels"": [""<=50K"", "">50K""], ""matrix"": [[3399, 316], [766, 402]]}"
e-k5-mp-AR,euclidean,5,modified_plurality,RetentionPolicy.ALWAYS_RETAIN,2,10,43957,4885,0.0601601000016671,54.91944140000123,54.9796015000029,0.7801432958034801,0.6917102077807337,0.6355874199077429,0.6508042599232613,0.7578855118142207,0.7801432958034801,0.7615233471466574,"{""labels"": [""<=50K"", "">50K""], ""matrix"": [[3392, 323], [751, 419]]}"
e-k5-mp-AR,euclidean,5,modified_plurality,RetentionPolicy.ALWAYS_RETAIN,3,10,43958,4884,0.0621946000028401,54.87569529999746,54.9378899000003,0.777027027027027,0.6851653236110262,0.63038950410664,0.6449248498649611,0.753805681471428,0.777027027027027,0.7579145603077082,"{""labels"": [""<=50K"", "">50K""], ""matrix"": [[3387, 329], [760, 408]]}"
e-k5-mp-AR,euclidean,5,modified_plurality,RetentionPolicy.ALWAYS_RETAIN,4,10,43957,4885,0.0627855000057024,54.87258649999421,54.93537199999992,0.7750255885363357,0.681360343513814,0.6240453507869699,0.6382142067006402,0.7502899531851122,0.7750255885363357,0.754212405613928,"{""labels"": [""<=50K"", "">50K""], ""matrix"": [[3395, 321], [778, 391]]}"
e-k5-mp-AR,euclidean,5,modified_plurality,RetentionPolicy.ALWAYS_RETAIN,5,10,43958,4884,0.0650204999983543,54.75728540000273,54.82230590000108,0.7815315315315315,0.6942610896405486,0.6321755607001195,0.647875129861903,0.7583432469714491,0.7815315315315315,0.7610544291155465,"{""labels"": [""<=50K"", "">50K""], ""matrix"": [[3413, 303], [764, 404]]}"
e-k5-mp-AR,euclidean,5,modified_plurality,RetentionPolicy.ALWAYS_RETAIN,6,10,43958,4884,0.0619197000050917,55.21990309999819,55.28182280000328,0.777027027027027,0.6854407274876071,0.6300696434471952,0.6446420631391729,0.7537014765003012,0.777027027027027,0.7577088588649283,"{""labels"": [""<=50K"", "">50K""], ""matrix"": [[3388, 327], [762, 407]]}"
e-k5-mp-AR,euclidean,5,modified_plurality,RetentionPolicy.ALWAYS_RETAIN,7,10,43958,4884,0.0630899999960092,55.30825460000051,55.37134459999652,0.7823505323505323,0.6958582448349395,0.6338878894672427,0.6497644843491361,0.7595157689798645,0.7823505323505323,0.7621868638192052,"{""labels"": [""<=50K"", "">50K""], ""matrix"": [[3413, 303], [760, 408]]}"
e-k5-mp-AR,euclidean,5,modified_plurality,RetentionPolicy.ALWAYS_RETAIN,8,10,43958,4884,0.0605466999986674,54.29211210000358,54.352658800002246,0.7819410319410319,0.6950097564731837,0.6336187829010426,0.6493897352739018,0.7590643805021245,0.7819410319410319,0.7618575021429819,"{""labels"": [""<=50K"", "">50K""], ""matrix"": [[3411, 305], [760, 408]]}"
e-k5-mp-AR,euclidean,5,modified_plurality,RetentionPolicy.ALWAYS_RETAIN,9,10,43957,4885,0.0607732999997097,54.98323459999665,55.04400789999636,0.7686796315250768,0.6695415737440303,0.6204386237360665,0.6331769564914598,0.7439024216817738,0.7686796315250768,0.7493286264007071,"{""labels"": [""<=50K"", "">50K""], ""matrix"": [[3362, 353], [777, 393]]}"
e-k7-b-AR,euclidean,7,borda,RetentionPolicy.ALWAYS_RETAIN,0,10,43958,4884,0.0657253000026685,54.9836604000011,55.04938570000377,0.785012285012285,0.7006867981704505,0.6449918083463912,0.6609979018122155,0.7645454208650699,0.785012285012285,0.7678836904470757,"{""labels"": [""<=50K"", "">50K""], ""matrix"": [[3394, 321], [729, 440]]}"
e-k7-b-AR,euclidean,7,borda,RetentionPolicy.ALWAYS_RETAIN,1,10,43959,4883,0.0608446999976877,55.07570929999929,55.13655399999698,0.7782101167315175,0.6876558356443601,0.6396964130975866,0.6539579051803557,0.7574415403127384,0.7782101167315175,0.7621159307513773,"{""labels"": [""<=50K"", "">50K""], ""matrix"": [[3363, 352], [731, 437]]}"
e-k7-b-AR,euclidean,7,borda,RetentionPolicy.ALWAYS_RETAIN,2,10,43957,4885,0.0590682999973068,54.85981460000039,54.9188828999977,0.7811668372569089,0.693500592230927,0.6465069998044426,0.6610536763697444,0.7617092726317598,0.7811668372569089,0.7661733443401136,"{""labels"": [""<=50K"", "">50K""], ""matrix"": [[3362, 353], [716, 454]]}"
e-k7-b-AR,euclidean,7,borda,RetentionPolicy.ALWAYS_RETAIN,3,10,43958,4884,0.0647320999996736,54.75031509999826,54.815047199997935,0.7768222768222768,0.6851242654260529,0.6393543469926419,0.6531973108192621,0.7562711999685555,0.7768222768222768,0.761220772196382,"{""labels"": [""<=50K"", "">50K""], ""matrix"": [[3355, 361], [729, 439]]}"
e-k7-b-AR,euclidean,7,borda,RetentionPolicy.ALWAYS_RETAIN,4,10,43957,4885,0.058831199996348,54.7648135000054,54.82364470000175,0.7731832139201638,0.6785368430999206,0.6330950662108046,0.6464122396717971,0.7515202843591271,0.7731832139201638,0.7568005034019133,"{""labels"": [""<=50K"", "">50K""], ""matrix"": [[3351, 365], [743, 426]]}"
e-k7-b-AR,euclidean,7,borda,RetentionPolicy.ALWAYS_RETAIN,5,10,43958,4884,0.0620730000009643,54.70070029999624,54.76277329999721,0.7733415233415234,0.6784409892518001,0.6311963630063259,0.6446712564328966,0.7510555720928256,0.7733415233415234,0.7562234306701137,"{""labels"": [""<=50K"", "">50K""], ""matrix"": [[3358, 358], [749, 419]]}"
e-k7-b-AR,euclidean,7,borda,RetentionPolicy.ALWAYS_RETAIN,6,10,43958,4884,0.0608703000034438,54.57030329999543,54.63117359999888,0.7782555282555282,0.6879381991552936,0.6399641017906506,0.6542403952560334,0.7575350272089248,0.7782555282555282,0.7621865588856792,"{""labels"": [""<=50K"", "">50K""], ""matrix"": [[3363, 352], [731, 438]]}"
e-k7-b-AR,euclidean,7,borda,RetentionPolicy.ALWAYS_RETAIN,7,10,43958,4884,0.0599422000013873,54.98911049999879,55.049052700000175,0.7792792792792793,0.6895772238514174,0.6415560442072047,0.6559682377049181,0.7588380836181422,0.7792792792792793,0.7634225926746419,"{""labels"": [""<=50K"", "">50K""], ""matrix"": [[3365, 351], [727, 441]]}"
e-k7-b-AR,euclidean,7,borda,RetentionPolicy.ALWAYS_RETAIN,8,10,43958,4884,0.0600582000042777,54.24477239999396,54.30483059999824,0.786036036036036,0.702119369887372,0.6492251205449961,0.6650893998522629,0.7664841096064557,0.786036036036036,0.7700883875852285,"{""labels"": [""<=50K"", "">50K""], ""matrix"": [[3387, 329], [716, 452]]}"
e-k7-b-AR,euclidean,7,borda,RetentionPolicy.ALWAYS_RETAIN,9,10,43957,4885,0.0647798999998485,54.78864980000071,54.85342970000056,0.7672466734902763,0.6686363194970604,0.6294503686832085,0.6413837199910202,0.746022489991274,0.7672466734902763,0.7520683145506631,"{""labels"": [""<=50K"", "">50K""], ""matrix"": [[3321, 394], [743, 427]]}"
e-k7-b-DD,euclidean,7,borda,RetentionPolicy.DD_RETENTION,0,10,43958,4884,0.0641696000020601,52.61226159999933,52.67643120000139,0.7862407862407862,0.7031443338242287,0.6455062188639449,0.6618771921401654,0.7657741644496152,0.7862407862407862,0.7687744610733798,"{""labels"": [""<=50K"", "">50K""], ""matrix"": [[3401, 314], [730, 439]]}"
e-k7-b-DD,euclidean,7,borda,RetentionPolicy.DD_RETENTION,1,10,43959,4883,0.0614784999997937,52.55119350000314,52.61267200000293,0.7790292852754455,0.6891480546989377,0.6399412784159,0.6544412318042849,0.7581644834834915,0.7790292852754455,0.7626696670672609,"{""labels"": [""<=50K"", "">50K""], ""matrix"": [[3368, 347], [732, 436]]}"
e-k7-b-DD,euclidean,7,borda,RetentionPolicy.DD_RETENTION,2,10,43957,4885,0.0627338000049348,52.39908109999669,52.46181490000163,0.7801432958034801,0.6916423282843738,0.6449557695183536,0.6593397132019959,0.7604583876599086,0.7801432958034801,0.7650272751548242,"{""labels"": [""<=50K"", "">50K""], ""matrix"": [[3360, 355], [719, 451]]}"
e-k7-b-DD,euclidean,7,borda,RetentionPolicy.DD_RETENTION,3,10,43958,4884,0.0619069000022136,52.34549500000139,52.407401900003606,0.7772317772317773,0.6858399138549892,0.6393299246501615,0.6533064144869047,0.7565769940141799,0.7772317772317773,0.7614440255396223,"{""labels"": [""<=50K"", "">50K""], ""matrix"": [[3358, 358], [730, 438]]}"
e-k7-b-DD,euclidean,7,borda,RetentionPolicy.DD_RETENTION,4,10,43957,4885,0.0593776000023353,52.62788429999637,52.6872618999987,0.7735926305015353,0.6792637349988118,0.6333641727770047,0.6467804174400767,0.7519143841809819,0.7735926305015353,0.7571291385427535,"{""labels"": [""<=50K"", "">50K""], ""matrix"": [[3353, 363], [743, 426]]}"
e-k7-b-DD,euclidean,7,borda,RetentionPolicy.DD_RETENTION,5,10,43958,4884,0.0610976999960257,52.88528360000055,52.946381299996574,0.7749795249795249,0.6814817199067351,0.6331533759971688,0.6469662703339094,0.7529371510181534,0.7749795249795249,0.7578733675243305,"{""labels"": [""<=50K"", "">50K""], ""matrix"": [[3363, 353], [746, 422]]}"
e-k7-b-DD,euclidean,7,borda,RetentionPolicy.DD_RETENTION,6,10,43958,4884,0.0631452000015997,52.40081329999521,52.46395849999681,0.7786650286650286,0.6886644404014759,0.63935390131101,0.653818410334243,0.7576829638108149,0.7786650286650286,0.762191915370104,"{""labels"": [""<=50K"", "">50K""], ""matrix"": [[3368, 347], [734, 435]]}"
e-k7-b-DD,euclidean,7,borda,RetentionPolicy.DD_RETENTION,7,10,43958,4884,0.0624835999988135,52.54308360000141,52.60556720000022,0.7800982800982801,0.6910744023336649,0.6418007284309244,0.6564563145329525,0.7595625788264908,0.7800982800982801,0.7639784060894217,"{""labels"": [""<=50K"", "">50K""], ""matrix"": [[3370, 346], [728, 440]]}"
e-k7-b-DD,euclidean,7,borda,RetentionPolicy.DD_RETENTION,8,10,43958,4884,0.0600373000052059,51.78349879999587,51.843536100001074,0.7868550368550369,0.7037744988131964,0.6488827469513544,0.6650790745005857,0.7671165727002729,0.7868550368550369,0.7704390582286472,"{""labels"": [""<=50K"", "">50K""], ""matrix"": [[3394, 322], [719, 449]]}"
e-k7-b-DD,euclidean,7,borda,RetentionPolicy.DD_RETENTION,9,10,43957,4885,0.0619491000034031,52.42264789999899,52.4845970000024,0.7688843398157625,0.6712813466267009,0.6299415628486961,0.6422995294774312,0.7473142874489115,0.7688843398157625,0.75315924809789,"{""labels"": [""<=50K"", "">50K""], ""matrix"": [[3331, 384], [745, 425]]}"
e-k7-mp-NR,euclidean,7,modified_plurality,RetentionPolicy.NEVER_RETAIN,0,10,43958,4884,0.0657085999991977,51.159910800000944,51.22561940000014,0.7911547911547911,0.7205432698845815,0.6273381328095587,0.6452813550980232,0.7688963987586949,0.7911547911547911,0.7638617408580906,"{""labels"": [""<=50K"", "">50K""], ""matrix"": [[3498, 217], [803, 366]]}"
e-k7-mp-NR,euclidean,7,modified_plurality,RetentionPolicy.NEVER_RETAIN,1,10,43959,4883,0.0621644000057131,50.99424409999483,51.05640850000054,0.7855826336268688,0.7060069589745974,0.6225296834381165,0.6389258673458037,0.7611277757652787,0.7855826336268688,0.7589563248386934,"{""labels"": [""<=50K"", "">50K""], ""matrix"": [[3474, 241], [806, 362]]}"
e-k7-mp-NR,euclidean,7,modified_plurality,RetentionPolicy.NEVER_RETAIN,2,10,43957,4885,0.0607155999969108,50.74418069999956,50.80489629999647,0.7868986693961105,0.7088997841537567,0.6265618709091119,0.6435286623694826,0.7632704121849236,0.7868986693961105,0.7613067991941335,"{""labels"": [""<=50K"", "">50K""], ""matrix"": [[3471, 244], [797, 373]]}"
e-k7-mp-NR,euclidean,7,modified_plurality,RetentionPolicy.NEVER_RETAIN,3,10,43958,4884,0.0611476999984006,50.773589500000526,50.834737199998926,0.786036036036036,0.7063296057831787,0.6251557500331775,0.6418313285479543,0.7619712453131186,0.786036036036036,0.760396541416503,"{""labels"": [""<=50K"", "">50K""], ""matrix"": [[3469, 247], [798, 370]]}"
e-k7-mp-NR,euclidean,7,modified_plurality,RetentionPolicy.NEVER_RETAIN,4,10,43957,4885,0.0603651999990688,50.917529999998806,50.977895199997874,0.7862845445240533,0.7087676406281057,0.6208919236722619,0.6372747663168532,0.7619131464754754,0.7862845445240533,0.7584909608533393,"{""labels"": [""<=50K"", "">50K""], ""matrix"": [[3486, 230], [814, 355]]}"
e-k7-mp-NR,euclidean,7,modified_plurality,RetentionPolicy.NEVER_RETAIN,5,10,43958,4884,0.0604391000015311,52.52842369999416,52.588862799995695,0.7846027846027847,0.7054748222986365,0.6157015386997361,0.6311833875578963,0.7592109758036923,0.7846027846027847,0.7552826331675392,"{""labels"": [""<=50K"", "">50K""], ""matrix"": [[3491, 225], [827, 341]]}"
e-k7-mp-NR,euclidean,7,modified_plurality,RetentionPolicy.NEVER_RETAIN,6,10,43958,4884,0.0624784000028739,51.15861859999859,51.22109700000146,0.7856265356265356,0.7057053058957938,0.6248767222332876,0.6414576392855809,0.761483664145374,0.7856265356265356,0.7599768546824394,"{""labels"": [""<=50K"", "">50K""], ""matrix"": [[3467, 248], [799, 370]]}"
e-k7-mp-NR,euclidean,7,modified_plurality,RetentionPolicy.NEVER_RETAIN,7,10,43958,4884,0.0632983000032254,50.93183839999983,50.99513670000306,0.7915642915642915,0.7210727938834023,0.6279081019508382,0.6459768818527328,0.769407652896025,0.7915642915642915,0.764417724747066,"{""labels"": [""<=50K"", "">50K""], ""matrix"": [[3499, 217], [801, 367]]}"
e-k7-mp-NR,euclidean,7,modified_plurality,RetentionPolicy.NEVER_RETAIN,8,10,43958,4884,0.064926999999443,50.04039979999652,50.10532679999597,0.7889025389025389,0.7137126114425991,0.6267459670878983,0.6441468694044641,0.7657451848179188,0.7889025389025389,0.7625537541174962,"{""labels"": [""<=50K"", "">50K""], ""matrix"": [[3484, 232], [799, 369]]}"
e-k7-mp-NR,euclidean,7,modified_plurality,RetentionPolicy.NEVER_RETAIN,9,10,43957,4885,0.0634508000002824,50.84206290000293,50.90551370000321,0.7780962128966223,0.6884782315784541,0.6184324349196489,0.6330881036439114,0.7518860054051814,0.7780962128966223,0.7532592654961254,"{""labels"": [""<=50K"", "">50K""], ""matrix"": [[3436, 279], [805, 365]]}"
e-k7-mp-DC,euclidean,7,modified_plurality,RetentionPolicy.DIFFERENT_CLASS_RETENTION,0,10,43958,4884,0.0659287000016775,51.64143209999747,51.70736079999915,0.7917690417690417,0.7217798738043093,0.6286212807992935,0.6467970317464888,0.7697842977370164,0.7917690417690417,0.7647576381758336,"{""labels"": [""<=50K"", "">50K""], ""matrix"": [[3498, 217], [800, 369]]}"
e-k7-mp-DC,euclidean,7,modified_plurality,RetentionPolicy.DIFFERENT_CLASS_RETENTION,1,10,43959,4883,0.0601997999983723,51.87589600000501,51.936095800003386,0.7880401392586525,0.7112541912625585,0.6270796843599624,0.6443134511794144,0.7646750624851893,0.7880401392586525,0.7622489777702066,"{""labels"": [""<=50K"", "">50K""], ""matrix"": [[3476, 239], [796, 372]]}"
e-k7-mp-DC,euclidean,7,modified_plurality,RetentionPolicy.DIFFERENT_CLASS_RETENTION,2,10,43957,4885,0.0606963999962317,51.99136600000202,52.05206239999825,0.7848515864892528,0.7031310517267411,0.6281435851422392,0.6447113168511123,0.761047721448432,0.7848515864892528,0.7609619642530248,"{""labels"": [""<=50K"", "">50K""], ""matrix"": [[3451, 264], [787, 383]]}"
e-k7-mp-DC,euclidean,7,modified_plurality,RetentionPolicy.DIFFERENT_CLASS_RETENTION,3,10,43958,4884,0.0605709000010392,51.864684399995895,51.92525529999693,0.7852170352170352,0.704072549237788,0.6254981236268192,0.6420149201326063,0.761030166393469,0.7852170352170352,0.7601369626172697,"{""labels"": [""<=50K"", "">50K""], ""matrix"": [[3462, 254], [795, 373]]}"
e-k7-mp-DC,euclidean,7,modified_plurality,RetentionPolicy.DIFFERENT_CLASS_RETENTION,4,10,43957,4885,0.061969800000952,51.76292410000315,51.8248939000041,0.7850562947799385,0.7052662644691117,0.6209640921140956,0.637125802896966,0.7603259250493545,0.7850562947799385,0.7579270093175915,"{""labels"": [""<=50K"", "">50K""], ""matrix"": [[3477, 239], [811, 358]]}"
e-k7-mp-DC,euclidean,7,modified_plurality,RetentionPolicy.DIFFERENT_CLASS_RETENTION,5,10,43958,4884,0.0637179000041214,51.762731700000586,51.82644960000471,0.7833742833742834,0.7013609845823499,0.6175359791792618,0.6330474279164696,0.7577783402307966,0.7833742833742834,0.7555787227682002,"{""labels"": [""<=50K"", "">50K""], ""matrix"": [[3476, 240], [818, 350]]}"
e-k7-mp-DC,euclidean,7,modified_plurality,RetentionPolicy.DIFFERENT_CLASS_RETENTION,6,10,43958,4884,0.0617148999954224,51.637416999998095,51.69913189999352,0.7837837837837838,0.7010716403038706,0.624251669704237,0.6404016064257028,0.7592122027831248,0.7837837837837838,0.7587709396143131,"{""labels"": [""<=50K"", "">50K""], ""matrix"": [[3456, 259], [797, 372]]}"
e-k7-mp-DC,euclidean,7,modified_plurality,RetentionPolicy.DIFFERENT_CLASS_RETENTION,7,10,43958,4884,0.0611967000004369,51.61499490000279,51.67619160000322,0.7905405405405406,0.7170091896407687,0.6301706246221449,0.6481458072520668,0.7681160860108228,0.7905405405405406,0.7649214044258779,"{""labels"": [""<=50K"", "">50K""], ""matrix"": [[3484, 232], [791, 377]]}"
e-k7-mp-DC,euclidean,7,modified_plurality,RetentionPolicy.DIFFERENT_CLASS_RETENTION,8,10,43958,4884,0.0587042999977711,51.15129819999856,51.210002499996335,0.7876740376740377,0.7101388912694467,0.6271127630240205,0.6442637292090364,0.7642055450841424,0.7876740376740377,0.7620997388732813,"{""labels"": [""<=50K"", "">50K""], ""matrix"": [[3474, 242], [795, 373]]}"
e-k7-mp-DC,euclidean,7,modified_plurality,RetentionPolicy.DIFFERENT_CLASS_RETENTION,9,10,43957,4885,0.0626856000017141,52.05600659999618,52.118692199997895,0.777482088024565,0.6869985382491473,0.6191997101149187,0.6337839771718234,0.7514127016557035,0.777482088024565,0.7532976020477147,"{""labels"": [""<=50K"", "">50K""], ""matrix"": [[3429, 286], [801, 369]]}"
e-k7-mp-DD,euclidean,7,modified_plurality,RetentionPolicy.DD_RETENTION,0,10,43958,4884,0.0659792999940691,52.68325660000119,52.749235899995256,0.7915642915642915,0.7210765469383399,0.6287798177918341,0.6469208710954311,0.7695012090585971,0.7915642915642915,0.7647270606391671,"{""labels"": [""<=50K"", "">50K""], ""matrix"": [[3496, 219], [799, 370]]}"
e-k7-mp-DD,euclidean,7,modified_plurality,RetentionPolicy.DD_RETENTION,1,10,43959,4883,0.0658104999965871,52.77880659999937,52.84461709999596,0.7878353471226704,0.711048852137961,0.6260646167886577,0.6431896947680488,0.7643245815648352,0.7878353471226704,0.7616884006372097,"{""labels"": [""<=50K"", "">50K""], ""matrix"": [[3478, 237], [799, 369]]}"
e-k7-mp-DD,euclidean,7,modified_plurality,RetentionPolicy.DD_RETENTION,2,10,43957,4885,0.0595011999976122,52.59962410000298,52.6591253000006,0.7862845445240533,0.7069330199764983,0.6276219070297132,0.644504391468005,0.7626432627278161,0.7862845445240533,0.7614672730004662,"{""labels"": [""<=50K"", "">50K""], ""matrix"": [[3463, 252], [792, 378]]}"
e-k7-mp-DD,euclidean,7,modified_plurality,RetentionPolicy.DD_RETENTION,3,10,43958,4884,0.0649116999993566,52.54966080000304,52.6145725000024,0.7852170352170352,0.704072549237788,0.6254981236268192,0.6420149201326063,0.761030166393469,0.7852170352170352,0.7601369626172697,"{""labels"": [""<=50K"", "">50K""], ""matrix"": [[3462, 254], [795, 373]]}"
e-k7-mp-DD,euclidean,7,modified_plurality,RetentionPolicy.DD_RETENTION,4,10,43957,4885,0.0632890999986557,52.565006099997845,52.6282951999965,0.7854657113613102,0.7068256807791691,0.6197673851129051,0.6358850144636611,0.7607412010733045,0.7854657113613102,0.7575656388642718,"{""labels"": [""<=50K"", "">50K""], ""matrix"": [[3484, 232], [816, 353]]}"
e-k7-mp-DD,euclidean,7,modified_plurality,RetentionPolicy.DD_RETENTION,5,10,43958,4884,0.060131199999887,52.92333140000119,52.98346260000108,0.7848075348075348,0.7048796771567978,0.6190649099783241,0.6349888695826547,0.7597735265622096,0.7848075348075348,0.7569888564771879,"{""labels"": [""<=50K"", "">50K""], ""matrix"": [[3481, 235], [816, 352]]}"
e-k7-mp-DD,euclidean,7,modified_plurality,RetentionPolicy.DD_RETENTION,6,10,43958,4884,0.0614640999992843,52.77162339999632,52.8330874999956,0.785012285012285,0.7041128183762317,0.6247660802217906,0.6412087825977935,0.7607291026135578,0.785012285012285,0.7596187816751853,"{""labels"": [""<=50K"", "">50K""], ""matrix"": [[3463, 252], [798, 371]]}"
e-k7-mp-DD,euclidean,7,modified_plurality,RetentionPolicy.DD_RETENTION,7,10,43958,4884,0.0607748999973409,52.672333000002254,52.7331078999996,0.7901310401310402,0.7160712125140438,0.629607989147264,0.6474579202672224,0.7675454189428781,0.7901310401310402,0.7644618177287633,"{""labels"": [""<=50K"", "">50K""], ""matrix"": [[3483, 233], [792, 376]]}"
e-k7-mp-DD,euclidean,7,modified_plurality,RetentionPolicy.DD_RETENTION,8,10,43958,4884,0.0623159000024315,52.24770020000142,52.31001610000385,0.7876740376740377,0.7101388912694467,0.6271127630240205,0.6442637292090364,0.7642055450841424,0.7876740376740377,0.7620997388732813,"{""labels"": [""<=50K"", "">50K""], ""matrix"": [[3474, 242], [795, 373]]}"
e-k7-mp-DD,euclidean,7,modified_plurality,RetentionPolicy.DD_RETENTION,9,10,43957,4885,0.060771399999794,52.57973689999926,52.640508299999055,0.779324462640737,0.6912378533568905,0.6195327328570935,0.6344963769121852,0.7534238230177475,0.779324462640737,0.754362223474515,"{""labels"": [""<=50K"", "">50K""], ""matrix"": [[3441, 274], [804, 366]]}"
h-k7-b-DD,heom,7,borda,RetentionPolicy.DD_RETENTION,0,10,43958,4884,0.006674699994619,7.516378799999074,7.523053499993693,0.7858312858312858,0.7023592871313102,0.6449439133653477,0.661229447297522,0.7652721671461528,0.7858312858312858,0.7683315002708382,"{""labels"": [""<=50K"", "">50K""], ""matrix"": [[3400, 315], [731, 438]]}"
h-k7-b-DD,heom,7,borda,RetentionPolicy.DD_RETENTION,1,10,43959,4883,0.0061965000058989,7.514071699995839,7.520268200001738,0.7788244931394634,0.6887645456070536,0.6395131962241192,0.6539878749704747,0.7578765330626268,0.7788244931394634,0.7623952621086997,"{""labels"": [""<=50K"", "">50K""], ""matrix"": [[3368, 347], [733, 435]]}"
h-k7-b-DD,heom,7,borda,RetentionPolicy.DD_RETENTION,2,10,43957,4885,0.0058704000039142,7.499616499997501,7.505486900001415,0.7803480040941658,0.6920114785044452,0.6450903590203725,0.6595282597575531,0.7606577251077548,0.7803480040941658,0.7651936375364807,"{""labels"": [""<=50K"", "">50K""], ""matrix"": [[3361, 354], [719, 451]]}"
h-k7-b-DD,heom,7,borda,RetentionPolicy.DD_RETENTION,3,10,43958,4884,0.0058735000056913,7.459117499995045,7.464991000000737,0.7768222768222768,0.6850562072336266,0.6381802313579191,0.6521385705921713,0.7559107361160148,0.7768222768222768,0.7607890779363261,"{""labels"": [""<=50K"", "">50K""], ""matrix"": [[3359, 357], [733, 435]]}"
h-k7-b-DD,heom,7,borda,RetentionPolicy.DD_RETENTION,4,10,43957,4885,0.0059388000008766,7.495813599998655,7.501752399999532,0.7735926305015353,0.6792367181933356,0.6330710100635266,0.6465097515183016,0.7518203813310538,0.7735926305015353,0.7570184892343467,"{""labels"": [""<=50K"", "">50K""], ""matrix"": [[3354, 362], [744, 425]]}"
h-k7-b-DD,heom,7,borda,RetentionPolicy.DD_RETENTION,5,10,43958,4884,0.00638049999543,7.550192000002426,7.556572499997856,0.7747747747747747,0.6811087744305805,0.6330188227140687,0.6467816657830291,0.7527357158702584,0.7747747747747747,0.7577090269092087,"{""labels"": [""<=50K"", "">50K""], ""matrix"": [[3362, 354], [746, 422]]}"
h-k7-b-DD,heom,7,borda,RetentionPolicy.DD_RETENTION,6,10,43958,4884,0.005857999996806,7.498449400001846,7.504307399998652,0.7784602784602784,0.6882803033163643,0.6389261853144317,0.6533648188598303,0.7573947574754267,0.7784602784602784,0.7619173206126392,"{""labels"": [""<=50K"", "">50K""], ""matrix"": [[3368, 347], [735, 434]]}"
h-k7-b-DD,heom,7,borda,RetentionPolicy.DD_RETENTION,7,10,43958,4884,0.0061857999971834,7.449773500004085,7.455959300001268,0.7796887796887797,0.6903033619369485,0.6400639773213206,0.6547550942699104,0.7587390724031943,0.7796887796887797,0.7631046621553015,"{""labels"": [""<=50K"", "">50K""], ""matrix"": [[3373, 343], [733, 435]]}"
h-k7-b-DD,heom,7,borda,RetentionPolicy.DD_RETENTION,8,10,43958,4884,0.006080799998017,7.463331600003585,7.469412400001602,0.7864455364455365,0.7030044246155069,0.6483201114764734,0.6644356145092323,0.7666214063458826,0.7864455364455365,0.7699980189553114,"{""labels"": [""<=50K"", "">50K""], ""matrix"": [[3393, 323], [720, 448]]}"
h-k7-b-DD,heom,7,borda,RetentionPolicy.DD_RETENTION,9,10,43957,4885,0.0058933000036631,7.472899200001848,7.478792500005511,0.769293756397134,0.6719324686396297,0.6299179809274021,0.6423936148618475,0.7475918510343927,0.769293756397134,0.753376728335148,"{""labels"": [""<=50K"", "">50K""], ""matrix"": [[3334, 381], [746, 424]]}"
h-k7-mp-AR,heom,7,modified_plurality,RetentionPolicy.ALWAYS_RETAIN,0,10,43958,4884,0.0063713999988976,8.445483800001966,8.451855200000864,0.7907452907452908,0.7192855520213579,0.6273620803000804,0.6452183910921773,0.7683250384879706,0.7907452907452908,0.7636683548123905,"{""labels"": [""<=50K"", "">50K""], ""matrix"": [[3495, 220], [802, 367]]}"
h-k7-mp-AR,heom,7,modified_plurality,RetentionPolicy.ALWAYS_RETAIN,1,10,43959,4883,0.0058602999997674,8.359063100004278,8.364923400004045,0.7880401392586525,0.7113595167788123,0.6267861916702004,0.6440022729621265,0.7646488879810369,0.7880401392586525,0.7621170332510034,"{""labels"": [""<=50K"", "">50K""], ""matrix"": [[3477, 238], [797, 371]]}"
h-k7-mp-AR,heom,7,modified_plurality,RetentionPolicy.ALWAYS_RETAIN,2,10,43957,4885,0.0062812999967718,8.498951000001398,8.50523229999817,0.7856704196519959,0.7055257771747594,0.6269253775983251,0.643636094307418,0.7618239044462379,0.7856704196519959,0.7608466513767924,"{""labels"": [""<=50K"", "">50K""], ""matrix"": [[3461, 254], [793, 377]]}"
h-k7-mp-AR,heom,7,modified_plurality,RetentionPolicy.ALWAYS_RETAIN,3,10,43958,4884,0.005771399999503,8.381327199997031,8.387098599996534,0.7856265356265356,0.7050682319793379,0.6257672301930195,0.6423885993422698,0.7615521498915723,0.7856265356265356,0.7604637406079796,"{""labels"": [""<=50K"", "">50K""], ""matrix"": [[3464, 252], [795, 373]]}"
h-k7-mp-AR,heom,7,modified_plurality,RetentionPolicy.ALWAYS_RETAIN,4,10,43957,4885,0.0059599000014713,8.456598800003121,8.462558700004593,0.7854657113613102,0.7069309579572467,0.619474222399427,0.6355602861597934,0.760716388696733,0.7854657113613102,0.757427224553749,"{""labels"": [""<=50K"", "">50K""], ""matrix"": [[3485, 231], [817, 352]]}"
h-k7-mp-AR,heom,7,modified_plurality,RetentionPolicy.ALWAYS_RETAIN,5,10,43958,4884,0.0060765000016544,8.382866200001445,8.3889427000031,0.7854217854217854,0.706382998997867,0.6197620987363051,0.6358687006973828,0.7606369935582507,0.7854217854217854,0.7576135121599316,"{""labels"": [""<=50K"", "">50K""], ""matrix"": [[3483, 233], [815, 353]]}"
h-k7-mp-AR,heom,7,modified_plurality,RetentionPolicy.ALWAYS_RETAIN,6,10,43958,4884,0.0060413999963202,8.449442199998884,8.455483599995205,0.7848075348075348,0.7036923172098904,0.6243383642252123,0.6407116019695653,0.7604284007273636,0.7848075348075348,0.7593240316512564,"{""labels"": [""<=50K"", "">50K""], ""matrix"": [[3463, 252], [799, 370]]}"
h-k7-mp-AR,heom,7,modified_plurality,RetentionPolicy.ALWAYS_RETAIN,7,10,43958,4884,0.0060763000001315,8.374287200000254,8.380363500000385,0.7899262899262899,0.7156613103736891,0.6291799069554831,0.6469594594594594,0.7672499602919081,0.7899262899262899,0.7641665006529871,"{""labels"": [""<=50K"", "">50K""], ""matrix"": [[3483, 233], [793, 375]]}"
h-k7-mp-AR,heom,7,modified_plurality,RetentionPolicy.ALWAYS_RETAIN,8,10,43958,4884,0.0061944999979459,8.485519200003182,8.491713700001128,0.7876740376740377,0.7102391675257427,0.6268192341153398,0.6439534288136808,0.7641768518171193,0.7876740376740377,0.7619682890702677,"{""labels"": [""<=50K"", "">50K""], ""matrix"": [[3475, 241], [796, 372]]}"
h-k7-mp-AR,heom,7,modified_plurality,RetentionPolicy.ALWAYS_RETAIN,9,10,43957,4885,0.0060918000017409,8.565709499998775,8.571801300000516,0.7789150460593655,0.6902668200544522,0.6195563147783875,0.6344420220806497,0.7529884589709114,0.7789150460593655,0.754169747911269,"{""labels"": [""<=50K"", "">50K""], ""matrix"": [[3438, 277], [803, 367]]}"
h-k7-mp-NR,heom,7,modified_plurality,RetentionPolicy.NEVER_RETAIN,0,10,43958,4884,0.0065143000028911,6.856591699994169,6.86310599999706,0.790950040950041,0.7201289738170211,0.6269104168129804,0.6447751269842277,0.7685995213763406,0.790950040950041,0.7635626568140906,"{""labels"": [""<=50K"", "">50K""], ""matrix"": [[3498, 217], [804, 365]]}"
h-k7-mp-NR,heom,7,modified_plurality,RetentionPolicy.NEVER_RETAIN,1,10,43959,4883,0.005707699994673,6.835716800000228,6.8414244999949005,0.7861970100348147,0.7074749278469883,0.623226944633935,0.6398021044420515,0.7619748309000989,0.7861970100348147,0.7595797544724942,"{""labels"": [""<=50K"", "">50K""], ""matrix"": [[3476, 239], [805, 363]]}"
h-k7-mp-NR,heom,7,modified_plurality,RetentionPolicy.NEVER_RETAIN,2,10,43957,4885,0.0056870999978855,6.880144700000528,6.885831799998414,0.7866939611054248,0.7084835403528307,0.6261345204817614,0.6430311631100948,0.7629717749039809,0.7866939611054248,0.7610117442324293,"{""labels"": [""<=50K"", "">50K""], ""matrix"": [[3471, 244], [798, 372]]}"
h-k7-mp-NR,heom,7,modified_plurality,RetentionPolicy.NEVER_RETAIN,3,10,43958,4884,0.0056215000004158,6.870465799998783,6.876087299999199,0.7862407862407862,0.7068382648279555,0.6252903033162776,0.6420183416159673,0.7622373953208067,0.7862407862407862,0.7605598864237217,"{""labels"": [""<=50K"", "">50K""], ""matrix"": [[3470, 246], [798, 370]]}"
h-k7-mp-NR,heom,7,modified_plurality,RetentionPolicy.NEVER_RETAIN,4,10,43957,4885,0.0055387999964295,6.905601600003138,6.911140399999567,0.7862845445240533,0.708878673846701,0.6205987609587836,0.6369512774339927,0.7618909762439089,0.7862845445240533,0.7583530748417119,"{""labels"": [""<=50K"", "">50K""], ""matrix"": [[3487, 229], [815, 354]]}"
h-k7-mp-NR,heom,7,modified_plurality,RetentionPolicy.NEVER_RETAIN,5,10,43958,4884,0.0053926000036881,6.8853499999968335,6.890742600000522,0.7848075348075348,0.706030156931607,0.6158360919828362,0.6313672403373729,0.7594997250796793,0.7848075348075348,0.7554440001945524,"{""labels"": [""<=50K"", "">50K""], ""matrix"": [[3492, 224], [827, 341]]}"
h-k7-mp-NR,heom,7,modified_plurality,RetentionPolicy.NEVER_RETAIN,6,10,43958,4884,0.0055441999938921,6.852355800001533,6.857899999995425,0.7856265356265356,0.7057053058957938,0.6248767222332876,0.6414576392855809,0.761483664145374,0.7856265356265356,0.7599768546824394,"{""labels"": [""<=50K"", "">50K""], ""matrix"": [[3467, 248], [799, 370]]}"
h-k7-mp-NR,heom,7,modified_plurality,RetentionPolicy.NEVER_RETAIN,7,10,43958,4884,0.0053488999983528,6.878623399999924,6.883972299998277,0.7917690417690417,0.7216334068865073,0.6280426552339384,0.6461668013153374,0.769698387435377,0.7917690417690417,0.7645819014353626,"{""labels"": [""<=50K"", "">50K""], ""matrix"": [[3500, 216], [801, 367]]}"
h-k7-mp-NR,heom,7,modified_plurality,RetentionPolicy.NEVER_RETAIN,8,10,43958,4884,0.0057022999972105,6.837381000004825,6.843083300002036,0.7889025389025389,0.7137126114425991,0.6267459670878983,0.6441468694044641,0.7657451848179188,0.7889025389025389,0.7625537541174962,"{""labels"": [""<=50K"", "">50K""], ""matrix"": [[3484, 232], [799, 369]]}"
h-k7-mp-NR,heom,7,modified_plurality,RetentionPolicy.NEVER_RETAIN,9,10,43957,4885,0.0061533999978564,6.8242419000016525,6.830395299999509,0.7783009211873081,0.6889413280363805,0.6185670244216678,0.6332704863378663,0.7521311487002068,0.7783009211873081,0.7534210256255711,"{""labels"": [""<=50K"", "">50K""], ""matrix"": [[3437, 278], [805, 365]]}"
h-k7-mp-DC,heom,7,modified_plurality,RetentionPolicy.DIFFERENT_CLASS_RETENTION,0,10,43958,4884,0.006828099998529,7.266099100001156,7.272927199999685,0.7911547911547911,0.7202537010290846,0.6279243857986776,0.6459126799550106,0.7689098130129253,0.7911547911547911,0.7641308433548321,"{""labels"": [""<=50K"", "">50K""], ""matrix"": [[3496, 219], [801, 368]]}"
h-k7-mp-DC,heom,7,modified_plurality,RetentionPolicy.DIFFERENT_CLASS_RETENTION,1,10,43959,4883,0.0062666999947396,7.325841700003366,7.332108399998106,0.7884497235306164,0.7124067435885977,0.6270553706742381,0.6443788698905988,0.7651953698934005,0.7884497235306164,0.7624446563195321,"{""labels"": [""<=50K"", "">50K""], ""matrix"": [[3479, 236], [797, 371]]}"
h-k7-mp-DC,heom,7,modified_plurality,RetentionPolicy.DIFFERENT_CLASS_RETENTION,2,10,43957,4885,0.0066274999990127,7.309130299996468,7.315757799995481,0.7844421699078813,0.7022402740203634,0.62758164521287,0.6440352204036358,0.7604980921862596,0.7844421699078813,0.7605070869252475,"{""labels"": [""<=50K"", "">50K""], ""matrix"": [[3450, 265], [788, 382]]}"
h-k7-mp-DC,heom,7,modified_plurality,RetentionPolicy.DIFFERENT_CLASS_RETENTION,3,10,43958,4884,0.0060500999970827,7.347450300003402,7.353500400000485,0.7854217854217854,0.7045696355066277,0.6256326769099194,0.6422017040330908,0.7612908023523937,0.7854217854217854,0.7603003342526358,"{""labels"": [""<=50K"", "">50K""], ""matrix"": [[3463, 253], [795, 373]]}"
h-k7-mp-DC,heom,7,modified_plurality,RetentionPolicy.DIFFERENT_CLASS_RETENTION,4,10,43957,4885,0.0059192999979131,7.297129999999015,7.303049299996928,0.784646878198567,0.7044044191103014,0.6201086601209391,0.6361133345002585,0.7597163388120098,0.784646878198567,0.7573292703540206,"{""labels"": [""<=50K"", "">50K""], ""matrix"": [[3477, 239], [813, 356]]}"
h-k7-mp-DC,heom,7,modified_plurality,RetentionPolicy.DIFFERENT_CLASS_RETENTION,5,10,43958,4884,0.0060306000013952,7.293731500001741,7.299762100003136,0.7835790335790336,0.7018867439732306,0.6176705324623619,0.6332313984605829,0.7580529484836425,0.7835790335790336,0.7557404404438934,"{""labels"": [""<=50K"", "">50K""], ""matrix"": [[3477, 239], [818, 350]]}"
h-k7-mp-DC,heom,7,modified_plurality,RetentionPolicy.DIFFERENT_CLASS_RETENTION,6,10,43958,4884,0.0059623999986797,7.3052088000040385,7.311171200002718,0.7835790335790336,0.7005831953987401,0.6241170802022181,0.6402157790391194,0.758955406450405,0.7835790335790336,0.7586078796095448,"{""labels"": [""<=50K"", "">50K""], ""matrix"": [[3455, 260], [797, 372]]}"
h-k7-mp-DC,heom,7,modified_plurality,RetentionPolicy.DIFFERENT_CLASS_RETENTION,7,10,43958,4884,0.0071546999970451,7.299434699998528,7.306589399995573,0.790950040950041,0.7180722989023316,0.6304397311883451,0.6485259813604509,0.7686697067327304,0.790950040950041,0.7652504920823151,"{""labels"": [""<=50K"", "">50K""], ""matrix"": [[3486, 230], [791, 377]]}"
h-k7-mp-DC,heom,7,modified_plurality,RetentionPolicy.DIFFERENT_CLASS_RETENTION,8,10,43958,4884,0.0057870000018738,7.26194449999457,7.267731499996444,0.7876740376740377,0.7101388912694467,0.6271127630240205,0.6442637292090364,0.7642055450841424,0.7876740376740377,0.7620997388732813,"{""labels"": [""<=50K"", "">50K""], ""matrix"": [[3474, 242], [795, 373]]}"
h-k7-mp-DC,heom,7,modified_plurality,RetentionPolicy.DIFFERENT_CLASS_RETENTION,9,10,43957,4885,0.0066007000059471,7.282570700001088,7.289171400007035,0.777482088024565,0.6869985382491473,0.6191997101149187,0.6337839771718234,0.7514127016557035,0.777482088024565,0.7532976020477147,"{""labels"": [""<=50K"", "">50K""], ""matrix"": [[3429, 286], [801, 369]]}"
h-k7-mp-DD,heom,7,modified_plurality,RetentionPolicy.DD_RETENTION,0,10,43958,4884,0.0069099999964237,7.664410299999872,7.671320299996296,0.7915642915642915,0.7210765469383399,0.6287798177918341,0.6469208710954311,0.7695012090585971,0.7915642915642915,0.7647270606391671,"{""labels"": [""<=50K"", "">50K""], ""matrix"": [[3496, 219], [799, 370]]}"
h-k7-mp-DD,heom,7,modified_plurality,RetentionPolicy.DD_RETENTION,1,10,43959,4883,0.0065509999985806,7.629864599999564,7.636415599998145,0.7882449313946345,0.7119908390184353,0.6266272884824573,0.643878517751122,0.7648971787847603,0.7882449313946345,0.7621484616398406,"{""labels"": [""<=50K"", "">50K""], ""matrix"": [[3479, 236], [798, 370]]}"
h-k7-mp-DD,heom,7,modified_plurality,RetentionPolicy.DD_RETENTION,2,10,43957,4885,0.0064035999967018,7.646101799997268,7.65250539999397,0.7856704196519959,0.7056070472285643,0.6266326166729935,0.6433294288237329,0.7617860609637817,0.7856704196519959,0.7607169277407548,"{""labels"": [""<=50K"", "">50K""], ""matrix"": [[3462, 253], [794, 376]]}"
h-k7-mp-DD,heom,7,modified_plurality,RetentionPolicy.DD_RETENTION,3,10,43958,4884,0.0063832000014372,7.5965319000024465,7.602915100003884,0.7854217854217854,0.7046496930299747,0.6253391480012386,0.6418921944404643,0.761252358435457,0.7854217854217854,0.7601694899839333,"{""labels"": [""<=50K"", "">50K""], ""matrix"": [[3464, 252], [796, 372]]}"
h-k7-mp-DD,heom,7,modified_plurality,RetentionPolicy.DD_RETENTION,4,10,43957,4885,0.0060165000031702,7.614625199996226,7.620641699999396,0.7854657113613102,0.7069309579572467,0.619474222399427,0.6355602861597934,0.760716388696733,0.7854657113613102,0.757427224553749,"{""labels"": [""<=50K"", "">50K""], ""matrix"": [[3485, 231], [817, 352]]}"
h-k7-mp-DD,heom,7,modified_plurality,RetentionPolicy.DD_RETENTION,5,10,43958,4884,0.0061377000020002,7.5812900000019,7.5874277000039,0.7848075348075348,0.7048796771567978,0.6190649099783241,0.6349888695826547,0.7597735265622096,0.7848075348075348,0.7569888564771879,"{""labels"": [""<=50K"", "">50K""], ""matrix"": [[3481, 235], [816, 352]]}"
h-k7-mp-DD,heom,7,modified_plurality,RetentionPolicy.DD_RETENTION,6,10,43958,4884,0.0060494999997899,7.624418699997477,7.630468199997267,0.785012285012285,0.7041128183762317,0.6247660802217906,0.6412087825977935,0.7607291026135578,0.785012285012285,0.7596187816751853,"{""labels"": [""<=50K"", "">50K""], ""matrix"": [[3463, 252], [798, 371]]}"
h-k7-mp-DD,heom,7,modified_plurality,RetentionPolicy.DD_RETENTION,7,10,43958,4884,0.006375900004059,7.647065699995437,7.653441599999496,0.7901310401310402,0.7160712125140438,0.629607989147264,0.6474579202672224,0.7675454189428781,0.7901310401310402,0.7644618177287633,"{""labels"": [""<=50K"", "">50K""], ""matrix"": [[3483, 233], [792, 376]]}"
h-k7-mp-DD,heom,7,modified_plurality,RetentionPolicy.DD_RETENTION,8,10,43958,4884,0.0058525999993435,7.656341699999757,7.662194299999101,0.7876740376740377,0.7101388912694467,0.6271127630240205,0.6442637292090364,0.7642055450841424,0.7876740376740377,0.7620997388732813,"{""labels"": [""<=50K"", "">50K""], ""matrix"": [[3474, 242], [795, 373]]}"
h-k7-mp-DD,heom,7,modified_plurality,RetentionPolicy.DD_RETENTION,9,10,43957,4885,0.0060269000023254,7.591876200000115,7.597903100002441,0.779324462640737,0.6912378533568905,0.6195327328570935,0.6344963769121852,0.7534238230177475,0.779324462640737,0.754362223474515,"{""labels"": [""<=50K"", "">50K""], ""matrix"": [[3441, 274], [804, 366]]}"
