config_id,kernel,c,gamma,degree,fold_id,num_folds,n_train,n_test,fit_time_s,predict_time_s,total_time_s,accuracy,precision_macro,recall_macro,f1_macro,precision_weighted,recall_weighted,f1_weighted,confusion_matrix_json
svm-rbf-c0.1-g0.01-d3,rbf,0.1,0.01,3,0,10,43958,4884,13.230979442596436,4.2950053215026855,17.52598476409912,0.8243243243243243,0.814965997316176,0.662625450886345,0.6918918298916845,0.8211418139472662,0.8243243243243243,0.7971926202806604,"{""labels"": [""<=50K"", "">50K""], ""matrix"": [[3614, 101], [757, 412]]}"
svm-rbf-c0.1-g0.01-d3,rbf,0.1,0.01,3,1,10,43959,4883,13.12177324295044,4.285101890563965,17.406875133514404,0.830636903542904,0.8180919960486459,0.678847208650602,0.7099212574443174,0.8266056862665716,0.830636903542904,0.8075284798611745,"{""labels"": [""<=50K"", "">50K""], ""matrix"": [[3603, 112], [715, 453]]}"
svm-rbf-c0.1-g0.01-d3,rbf,0.1,0.01,3,2,10,43957,4885,13.068408250808716,4.307530641555786,17.375938892364502,0.8296827021494371,0.8218607709908552,0.6743060588282661,0.7053836322178226,0.827098028238577,0.8296827021494371,0.8050814364964103,"{""labels"": [""<=50K"", "">50K""], ""matrix"": [[3613, 102], [730, 440]]}"
svm-rbf-c0.1-g0.01-d3,rbf,0.1,0.01,3,3,10,43958,4884,13.1110098361969,4.2916741371154785,17.402683973312378,0.8267813267813268,0.8092495401331596,0.6730659347951105,0.7028662983775045,0.8211301232128217,0.8267813267813268,0.8029726688191465,"{""labels"": [""<=50K"", "">50K""], ""matrix"": [[3596, 120], [726, 442]]}"
svm-rbf-c0.1-g0.01-d3,rbf,0.1,0.01,3,4,10,43957,4885,13.147117853164673,4.291464328765869,17.438582181930542,0.8280450358239508,0.8090315798255556,0.6773639020590221,0.7073693795152576,0.8220252134257469,0.8280450358239508,0.8053486261261094,"{""labels"": [""<=50K"", "">50K""], ""matrix"": [[3591, 125], [715, 454]]}"
svm-rbf-c0.1-g0.01-d3,rbf,0.1,0.01,3,5,10,43958,4884,13.040930271148682,4.290574789047241,17.331505060195923,0.8278050778050778,0.8142447506432506,0.6728581144845688,0.7031385208876608,0.8233805818458778,0.8278050778050778,0.8035019923017457,"{""labels"": [""<=50K"", "">50K""], ""matrix"": [[3604, 112], [729, 439]]}"
svm-rbf-c0.1-g0.01-d3,rbf,0.1,0.01,3,6,10,43958,4884,12.867572784423828,4.237866640090942,17.10543942451477,0.8282145782145782,0.8114035087719298,0.6763214582179613,0.7065213070703805,0.8228353952038163,0.8282145782145782,0.8050367501015816,"{""labels"": [""<=50K"", "">50K""], ""matrix"": [[3595, 120], [719, 450]]}"
svm-rbf-c0.1-g0.01-d3,rbf,0.1,0.01,3,7,10,43958,4884,12.914600372314453,4.27233099937439,17.186931371688843,0.8286240786240786,0.8139976323631466,0.6754510299777342,0.705893859971678,0.8239041143070208,0.8286240786240786,0.8050116403603679,"{""labels"": [""<=50K"", "">50K""], ""matrix"": [[3601, 115], [722, 446]]}"
svm-rbf-c0.1-g0.01-d3,rbf,0.1,0.01,3,8,10,43958,4884,12.917894840240479,4.287326335906982,17.20522117614746,0.8370188370188371,0.8338750985027581,0.6874253505758143,0.7206807242696549,0.8360077517878935,0.8370188370188371,0.8147256199818745,"{""labels"": [""<=50K"", "">50K""], ""matrix"": [[3620, 96], [700, 468]]}"
svm-rbf-c0.1-g0.01-d3,rbf,0.1,0.01,3,9,10,43957,4885,13.152860164642334,4.296818971633911,17.449679136276245,0.8290685772773797,0.8140091798856912,0.6774154214261886,0.7079334399214545,0.8242376737105771,0.8290685772773797,0.8059273765301099,"{""labels"": [""<=50K"", "">50K""], ""matrix"": [[3598, 117], [718, 452]]}"
svm-rbf-c0.1-g0.1-d3,rbf,0.1,0.1,3,0,10,43958,4884,17.799532413482666,4.525944232940674,22.32547664642334,0.8306715806715806,0.8075947091247571,0.6867303270789703,0.7167960531892792,0.823700442391811,0.8306715806715806,0.8104115174998828,"{""labels"": [""<=50K"", "">50K""], ""matrix"": [[3577, 138], [689, 480]]}"
svm-rbf-c0.1-g0.1-d3,rbf,0.1,0.1,3,1,10,43959,4883,18.011999130249023,4.558415174484253,22.570414304733276,0.8322752406307597,0.8089050014089423,0.6904896614981839,0.7207335771691263,0.8253254150083821,0.8322752406307597,0.812793401160306,"{""labels"": [""<=50K"", "">50K""], ""matrix"": [[3575, 140], [679, 489]]}"
svm-rbf-c0.1-g0.1-d3,rbf,0.1,0.1,3,2,10,43957,4885,18.095589876174927,4.54252028465271,22.638110160827637,0.8307062436028659,0.8019219134024439,0.6919591400075922,0.7211438699651787,0.8223902342630403,0.8307062436028659,0.8122073059246542,"{""labels"": [""<=50K"", "">50K""], ""matrix"": [[3560, 155], [672, 498]]}"
svm-rbf-c0.1-g0.1-d3,rbf,0.1,0.1,3,3,10,43958,4884,17.853917121887207,4.512017011642456,22.365934133529663,0.8273955773955773,0.7944867025706512,0.6869719244437236,0.7152537365230558,0.8178959189452777,0.8273955773955773,0.8084796453462809,"{""labels"": [""<=50K"", "">50K""], ""matrix"": [[3553, 163], [680, 488]]}"
svm-rbf-c0.1-g0.1-d3,rbf,0.1,0.1,3,4,10,43957,4885,20.193830013275146,4.473820924758911,24.667650938034058,0.832343909928352,0.8015096208322263,0.697486121099336,0.7263768561975841,0.8237385861104127,0.832343909928352,0.8151591212805663,"{""labels"": [""<=50K"", "">50K""], ""matrix"": [[3553, 163], [656, 513]]}"
svm-rbf-c0.1-g0.1-d3,rbf,0.1,0.1,3,5,10,43958,4884,19.963196992874146,4.516530990600586,24.47972798347473,0.8312858312858313,0.8024204567636151,0.6927572548181135,0.7220248753730933,0.8229878433079684,0.8312858312858313,0.8129448347674945,"{""labels"": [""<=50K"", "">50K""], ""matrix"": [[3561, 155], [669, 499]]}"
svm-rbf-c0.1-g0.1-d3,rbf,0.1,0.1,3,6,10,43958,4884,20.165016651153564,4.512073993682861,24.677090644836426,0.8282145782145782,0.7955171848320644,0.6892190239785763,0.717561515354723,0.8188489010741833,0.8282145782145782,0.8097181061434673,"{""labels"": [""<=50K"", "">50K""], ""matrix"": [[3551, 164], [675, 494]]}"
svm-rbf-c0.1-g0.1-d3,rbf,0.1,0.1,3,7,10,43958,4884,18.38590168952942,4.559993505477905,22.945895195007324,0.8271908271908271,0.7967014288365188,0.684195610982497,0.7128406159028257,0.8181856619689242,0.8271908271908271,0.807378039122108,"{""labels"": [""<=50K"", "">50K""], ""matrix"": [[3561, 155], [689, 479]]}"
svm-rbf-c0.1-g0.1-d3,rbf,0.1,0.1,3,8,10,43958,4884,20.499207258224487,4.547372341156006,25.046579599380493,0.8298525798525799,0.8031043995047031,0.687412448206202,0.7168988139211763,0.8219211757405921,0.8298525798525799,0.8101909356693826,"{""labels"": [""<=50K"", "">50K""], ""matrix"": [[3569, 147], [684, 484]]}"
svm-rbf-c0.1-g0.1-d3,rbf,0.1,0.1,3,9,10,43957,4885,18.10699963569641,4.558100461959839,22.66510009765625,0.8294779938587513,0.8008755663391267,0.6888095155928265,0.7179264220862813,0.8211015118899587,0.8294779938587513,0.810341379820961,"{""labels"": [""<=50K"", "">50K""], ""matrix"": [[3562, 153], [680, 490]]}"
svm-rbf-c1-g0.01-d3,rbf,1,0.01,3,0,10,43958,4884,12.233664274215698,3.7833118438720703,16.01697611808777,0.8513513513513513,0.8176427676249977,0.7463447264287038,0.77176982492276,0.8442790352126129,0.8513513513513513,0.8420245289058368,"{""labels"": [""<=50K"", "">50K""], ""matrix"": [[3521, 194], [532, 637]]}"
svm-rbf-c1-g0.01-d3,rbf,1,0.01,3,1,10,43959,4883,12.240895986557007,3.797307014465332,16.03820300102234,0.8437436002457506,0.8054341733490431,0.7338327817622006,0.7587788765309283,0.8354662171489551,0.8437436002457506,0.8334528417833964,"{""labels"": [""<=50K"", "">50K""], ""matrix"": [[3509, 206], [557, 611]]}"
svm-rbf-c1-g0.01-d3,rbf,1,0.01,3,2,10,43957,4885,12.086202383041382,3.7632694244384766,15.849471807479858,0.8466734902763562,0.8072918120452557,0.7431508897861523,0.7665375993296657,0.8388194531582317,0.8466734902763562,0.8377975023552868,"{""labels"": [""<=50K"", "">50K""], ""matrix"": [[3499, 216], [533, 637]]}"
svm-rbf-c1-g0.01-d3,rbf,1,0.01,3,3,10,43958,4884,12.141701221466064,3.7910983562469482,15.932799577713013,0.8478705978705978,0.8095522263221049,0.74386953123848,0.7677158189625788,0.8401588754461049,0.8478705978705978,0.8389024263720011,"{""labels"": [""<=50K"", "">50K""], ""matrix"": [[3505, 211], [532, 636]]}"
svm-rbf-c1-g0.01-d3,rbf,1,0.01,3,4,10,43957,4885,12.058415412902832,3.786045789718628,15.84446120262146,0.8454452405322416,0.8020976939023162,0.7459676602507732,0.7672047738935319,0.8375183552004939,0.8454452405322416,0.8375714647582189,"{""labels"": [""<=50K"", "">50K""], ""matrix"": [[3481, 235], [520, 649]]}"
svm-rbf-c1-g0.01-d3,rbf,1,0.01,3,5,10,43958,4884,12.014973640441895,3.780790328979492,15.795763969421387,0.8454135954135954,0.8075240206947524,0.7372649003937066,0.7620340000290405,0.8373764128974772,0.8454135954135954,0.8355211010459364,"{""labels"": [""<=50K"", "">50K""], ""matrix"": [[3510, 206], [549, 619]]}"
svm-rbf-c1-g0.01-d3,rbf,1,0.01,3,6,10,43958,4884,12.213607788085938,3.806108236312866,16.019716024398804,0.8419328419328419,0.7994299483028737,0.7357567119174456,0.7587381443805592,0.8333523204602088,0.8419328419328419,0.8325922936023555,"{""labels"": [""<=50K"", "">50K""], ""matrix"": [[3490, 225], [547, 622]]}"
svm-rbf-c1-g0.01-d3,rbf,1,0.01,3,7,10,43958,4884,12.23656177520752,3.8196158409118652,16.056177616119385,0.8447993447993448,0.8063246365950378,0.7365677116357255,0.7611775382747161,0.8366568013551164,0.8447993447993448,0.8349036154459113,"{""labels"": [""<=50K"", "">50K""], ""matrix"": [[3508, 208], [550, 618]]}"
svm-rbf-c1-g0.01-d3,rbf,1,0.01,3,8,10,43958,4884,12.199368000030518,3.8009700775146484,16.000338077545166,0.8456183456183456,0.807569033530572,0.7379865114941682,0.7626147818024108,0.8376030010645396,0.8456183456183456,0.8358464579114835,"{""labels"": [""<=50K"", "">50K""], ""matrix"": [[3509, 207], [547, 621]]}"
svm-rbf-c1-g0.01-d3,rbf,1,0.01,3,9,10,43957,4885,12.119953155517578,3.7996935844421387,15.919646739959717,0.8454452405322416,0.8071756836989485,0.7385374607447286,0.7629296367024074,0.8374322920061031,0.8454452405322416,0.8357964693696274,"{""labels"": [""<=50K"", "">50K""], ""matrix"": [[3506, 209], [546, 624]]}"
svm-rbf-c1-g0.1-d3,rbf,1,0.1,3,0,10,43958,4884,22.964166402816772,4.205068349838257,27.16923475265503,0.8490990990990991,0.808853064367003,0.7501405188085662,0.7722534808379207,0.8416108662940863,0.8490990990990991,0.8412168026895105,"{""labels"": [""<=50K"", "">50K""], ""matrix"": [[3492, 223], [514, 655]]}"
svm-rbf-c1-g0.1-d3,rbf,1,0.1,3,1,10,43959,4883,26.415828704833984,4.181667804718018,30.597496509552002,0.8476346508294081,0.8078817150223425,0.74548825568318,0.7684936094980432,0.8398926943143425,0.8476346508294081,0.8390968432181786,"{""labels"": [""<=50K"", "">50K""], ""matrix"": [[3497, 218], [526, 642]]}"
svm-rbf-c1-g0.1-d3,rbf,1,0.1,3,2,10,43957,4885,26.77891755104065,4.169521808624268,30.948439359664917,0.8487205731832139,0.8079342265447118,0.7503520033129724,0.7721381826587022,0.8412145254209502,0.8487205731832139,0.8409595752734207,"{""labels"": [""<=50K"", "">50K""], ""matrix"": [[3489, 226], [513, 657]]}"
svm-rbf-c1-g0.1-d3,rbf,1,0.1,3,3,10,43958,4884,22.932456970214844,4.14470648765564,27.077163457870483,0.8495085995085995,0.8083117113489725,0.7522841802202987,0.7736825716716934,0.8421074843788277,0.8495085995085995,0.8420252384309566,"{""labels"": [""<=50K"", "">50K""], ""matrix"": [[3488, 228], [507, 661]]}"
svm-rbf-c1-g0.1-d3,rbf,1,0.1,3,4,10,43957,4885,22.63480520248413,4.168982982635498,26.80378818511963,0.8470829068577277,0.8039899056994568,0.7496825509368776,0.7704905443496766,0.8394299683246154,0.8470829068577277,0.8396190869818545,"{""labels"": [""<=50K"", "">50K""], ""matrix"": [[3480, 236], [511, 658]]}"
svm-rbf-c1-g0.1-d3,rbf,1,0.1,3,5,10,43958,4884,25.9229519367218,4.132303237915039,30.05525517463684,0.8425470925470926,0.799166877562383,0.7383164435171122,0.7606402189483441,0.8340793184281569,0.8425470925470926,0.8336884212338223,"{""labels"": [""<=50K"", "">50K""], ""matrix"": [[3486, 230], [539, 629]]}"
svm-rbf-c1-g0.1-d3,rbf,1,0.1,3,6,10,43958,4884,26.0680832862854,4.145713806152344,30.213797092437744,0.8415233415233415,0.7946545738210246,0.7422294422882748,0.7622663551401869,0.8332220859639137,0.8415233415233415,0.8338224853995881,"{""labels"": [""<=50K"", "">50K""], ""matrix"": [[3465, 250], [524, 645]]}"
svm-rbf-c1-g0.1-d3,rbf,1,0.1,3,7,10,43958,4884,26.224753856658936,4.156106233596802,30.380860090255737,0.846027846027846,0.8062391308412962,0.7414844360558562,0.7649884515209593,0.8380401491271585,0.846027846027846,0.8369857936421403,"{""labels"": [""<=50K"", "">50K""], ""matrix"": [[3500, 216], [536, 632]]}"
svm-rbf-c1-g0.1-d3,rbf,1,0.1,3,8,10,43958,4884,22.50713348388672,4.149677038192749,26.656810522079468,0.8454135954135954,0.8041109480184239,0.7422548918412788,0.7649978742600778,0.8373513603882586,0.8454135954135954,0.8367162003010868,"{""labels"": [""<=50K"", "">50K""], ""matrix"": [[3493, 223], [532, 636]]}"
svm-rbf-c1-g0.1-d3,rbf,1,0.1,3,9,10,43957,4885,26.143335580825806,4.1598875522613525,30.303223133087158,0.8440122824974411,0.7997328056619122,0.7443288355132232,0.7652979977785601,0.8359330204214436,0.8440122824974411,0.8361102475521734,"{""labels"": [""<=50K"", "">50K""], ""matrix"": [[3476, 239], [523, 647]]}"
svm-rbf-c10-g0.01-d3,rbf,10,0.01,3,0,10,43958,4884,14.610435962677002,3.529860019683838,18.14029598236084,0.8521703521703522,0.8122543752144302,0.7571425117463593,0.7783952722957264,0.8451430733794066,0.8521703521703522,0.8450494076260305,"{""labels"": [""<=50K"", "">50K""], ""matrix"": [[3490, 225], [497, 672]]}"
svm-rbf-c10-g0.01-d3,rbf,10,0.01,3,1,10,43959,4883,14.811935901641846,3.5204665660858154,18.33240246772766,0.8476346508294081,0.8052892692442128,0.7495971533398478,0.770817120622568,0.8400023966653563,0.8476346508294081,0.8400262643922255,"{""labels"": [""<=50K"", "">50K""], ""matrix"": [[3483, 232], [512, 656]]}"
svm-rbf-c10-g0.01-d3,rbf,10,0.01,3,2,10,43957,4885,14.755995988845825,3.5324532985687256,18.28844928741455,0.849539406345957,0.8071808119962993,0.7549890142756899,0.7752914081738421,0.8422842384436712,0.849539406345957,0.842585266916019,"{""labels"": [""<=50K"", "">50K""], ""matrix"": [[3479, 236], [499, 671]]}"
svm-rbf-c10-g0.01-d3,rbf,10,0.01,3,3,10,43958,4884,14.72127890586853,3.5482654571533203,18.26954436302185,0.8490990990990991,0.8064005855054032,0.7537762471061829,0.7741908387115148,0.8417468534185732,0.8490990990990991,0.8420423308791526,"{""labels"": [""<=50K"", "">50K""], ""matrix"": [[3480, 236], [501, 667]]}"
svm-rbf-c10-g0.01-d3,rbf,10,0.01,3,4,10,43957,4885,14.859180212020874,3.5427792072296143,18.40195941925049,0.8466734902763562,0.8003032411956368,0.7546903732132844,0.7729185830018789,0.839397919914138,0.8466734902763562,0.8403947858855333,"{""labels"": [""<=50K"", "">50K""], ""matrix"": [[3460, 256], [493, 676]]}"
svm-rbf-c10-g0.01-d3,rbf,10,0.01,3,5,10,43958,4884,14.567065715789795,3.505746364593506,18.0728120803833,0.8490990990990991,0.8085375362707878,0.7502539002020143,0.7722534808379207,0.8415992323957197,0.8490990990990991,0.8412709765479957,"{""labels"": [""<=50K"", "">50K""], ""matrix"": [[3492, 224], [513, 655]]}"
svm-rbf-c10-g0.01-d3,rbf,10,0.01,3,6,10,43958,4884,14.56850528717041,3.484597682952881,18.05310297012329,0.8431613431613432,0.7966112144004643,0.7459442967554604,0.7655536418439246,0.8351657452479586,0.8431613431613432,0.8358700858133722,"{""labels"": [""<=50K"", "">50K""], ""matrix"": [[3464, 251], [515, 654]]}"
svm-rbf-c10-g0.01-d3,rbf,10,0.01,3,7,10,43958,4884,14.854400634765625,3.521747350692749,18.376147985458374,0.847051597051597,0.804712043959565,0.7480277806449711,0.7694940732204767,0.8393115248057798,0.847051597051597,0.8392493046788935,"{""labels"": [""<=50K"", "">50K""], ""matrix"": [[3485, 231], [516, 652]]}"
svm-rbf-c10-g0.01-d3,rbf,10,0.01,3,8,10,43958,4884,14.851873397827148,3.4974734783172607,18.34934687614441,0.8482800982800983,0.8082763307844774,0.7473674558001682,0.77002457002457,0.8406349338253796,0.8482800982800983,0.8400123151965905,"{""labels"": [""<=50K"", "">50K""], ""matrix"": [[3496, 220], [521, 647]]}"
svm-rbf-c10-g0.01-d3,rbf,10,0.01,3,9,10,43957,4885,14.66968584060669,3.481466054916382,18.15115189552307,0.8479017400204708,0.8056631179492243,0.7506919280808917,0.7717195106449928,0.8403508537257077,0.8479017400204708,0.8404238953936078,"{""labels"": [""<=50K"", "">50K""], ""matrix"": [[3482, 233], [510, 660]]}"
svm-rbf-c10-g0.1-d3,rbf,10,0.1,3,0,10,43958,4884,48.203285217285156,3.96779465675354,52.171079874038696,0.8384520884520884,0.7828823279849926,0.7548669244859636,0.7669705149799252,0.8322819823667056,0.8384520884520884,0.8342503989208225,"{""labels"": [""<=50K"", "">50K""], ""matrix"": [[3400, 315], [474, 695]]}"
svm-rbf-c10-g0.1-d3,rbf,10,0.1,3,1,10,43959,4883,48.65469741821289,3.9800596237182617,52.63475704193115,0.8459963137415524,0.7960321699671912,0.7605536376039381,0.7754464755279309,0.8395096807951029,0.8459963137415524,0.8410988094446622,"{""labels"": [""<=50K"", "">50K""], ""matrix"": [[3434, 281], [471, 697]]}"
svm-rbf-c10-g0.1-d3,rbf,10,0.1,3,2,10,43957,4885,48.660890340805054,3.9992406368255615,52.660130977630615,0.8460593654042988,0.7953928080540211,0.7632403860533066,0.7769604664503252,0.8399646671817282,0.8460593654042988,0.8416374424848463,"{""labels"": [""<=50K"", "">50K""], ""matrix"": [[3426, 289], [463, 707]]}"
svm-rbf-c10-g0.1-d3,rbf,10,0.1,3,3,10,43958,4884,48.930375814437866,4.056758403778076,52.98713421821594,0.8454135954135954,0.7937855345787357,0.7630954443576095,0.7762790728997792,0.8394303295153153,0.8454135954135954,0.8411611220214011,"{""labels"": [""<=50K"", "">50K""], ""matrix"": [[3422, 294], [461, 707]]}"
svm-rbf-c10-g0.1-d3,rbf,10,0.1,3,4,10,43957,4885,48.55328869819641,4.01670503616333,52.56999373435974,0.8407369498464687,0.7888984090009875,0.7507883280033811,0.7664546616522872,0.8334589096872651,0.8407369498464687,0.8351287044946032,"{""labels"": [""<=50K"", "">50K""], ""matrix"": [[3431, 285], [493, 676]]}"
svm-rbf-c10-g0.1-d3,rbf,10,0.1,3,5,10,43958,4884,48.3145112991333,3.9911797046661377,52.30569100379944,0.8390663390663391,0.7869595001594482,0.7463025495082354,0.7627507979330252,0.8313339070895143,0.8390663390663391,0.8329500754809255,"{""labels"": [""<=50K"", "">50K""], ""matrix"": [[3434, 282], [504, 664]]}"
svm-rbf-c10-g0.1-d3,rbf,10,0.1,3,6,10,43958,4884,49.36822819709778,3.9880034923553467,53.356231689453125,0.8296478296478297,0.7688405879305585,0.7455620579644403,0.7557832688056754,0.8236230498598481,0.8296478296478297,0.8257978525376652,"{""labels"": [""<=50K"", "">50K""], ""matrix"": [[3369, 346], [486, 683]]}"
svm-rbf-c10-g0.1-d3,rbf,10,0.1,3,7,10,43958,4884,48.691580295562744,3.9937925338745117,52.685372829437256,0.8441850941850941,0.7950874370597738,0.7534822573985873,0.7703754982285722,0.836927179653525,0.8441850941850941,0.8382941874655596,"{""labels"": [""<=50K"", "">50K""], ""matrix"": [[3446, 270], [491, 677]]}"
svm-rbf-c10-g0.1-d3,rbf,10,0.1,3,8,10,43958,4884,55.61960291862488,4.023595809936523,59.6431987285614,0.8419328419328419,0.7902196118488254,0.7534698158278897,0.7687118695969661,0.8349161214329753,0.8419328419328419,0.8366038046449326,"{""labels"": [""<=50K"", "">50K""], ""matrix"": [[3430, 286], [486, 682]]}"
svm-rbf-c10-g0.1-d3,rbf,10,0.1,3,9,10,43957,4885,48.13092350959778,3.9676666259765625,52.09859013557434,0.840532241555783,0.7863433274965904,0.7572643820961452,0.7697868131691297,0.8343791290572471,0.840532241555783,0.8362739310583589,"{""labels"": [""<=50K"", "">50K""], ""matrix"": [[3407, 308], [471, 699]]}"
svm-poly-c0.1-g0.01-d2,poly,0.1,0.01,2,0,10,43958,4884,11.614928483963013,0.8719601631164551,12.486888647079468,0.8306715806715806,0.815164722471478,0.6811609236823412,0.7120141550609754,0.8257663500164462,0.8306715806715806,0.8083783673750428,"{""labels"": [""<=50K"", "">50K""], ""matrix"": [[3596, 119], [708, 461]]}"
svm-poly-c0.1-g0.01-d2,poly,0.1,0.01,2,1,10,43959,4883,11.855379104614258,0.8606271743774414,12.7160062789917,0.8292033585910301,0.8050752299671137,0.6837749359317097,0.713513958415992,0.8218706231360438,0.8292033585910301,0.8084739655851257,"{""labels"": [""<=50K"", "">50K""], ""matrix"": [[3576, 139], [695, 473]]}"
svm-poly-c0.1-g0.01-d2,poly,0.1,0.01,2,2,10,43957,4885,11.724056243896484,0.907529354095459,12.631585597991943,0.8305015353121802,0.8093764613046528,0.685091049222947,0.7153523039349811,0.8240298582381925,0.8305015353121802,0.8096731259031084,"{""labels"": [""<=50K"", "">50K""], ""matrix"": [[3582, 133], [695, 475]]}"
svm-poly-c0.1-g0.01-d2,poly,0.1,0.01,2,3,10,43958,4884,11.825339555740356,0.9026980400085449,12.728037595748901,0.833947583947584,0.8184849116477677,0.6883423404161199,0.719833832315952,0.8291737041111241,0.833947583947584,0.8131164242817518,"{""labels"": [""<=50K"", "">50K""], ""matrix"": [[3595, 121], [690, 478]]}"
svm-poly-c0.1-g0.01-d2,poly,0.1,0.01,2,4,10,43957,4885,11.893398523330688,0.8784480094909668,12.771846532821655,0.831525076765609,0.809841145619431,0.6875667011356343,0.7179336606276825,0.8249599445872151,0.831525076765609,0.811261833822295,"{""labels"": [""<=50K"", "">50K""], ""matrix"": [[3581, 135], [688, 481]]}"
svm-poly-c0.1-g0.01-d2,poly,0.1,0.01,2,5,10,43958,4884,11.739773511886597,0.8200299739837646,12.559803485870361,0.8325143325143325,0.815359800985397,0.6862263517996963,0.7172909490634136,0.8272116844820694,0.8325143325143325,0.8114504041734012,"{""labels"": [""<=50K"", "">50K""], ""matrix"": [[3592, 124], [694, 474]]}"
svm-poly-c0.1-g0.01-d2,poly,0.1,0.01,2,6,10,43958,4884,12.001683235168457,0.9009404182434082,12.902623653411865,0.8288288288288288,0.8018495852033184,0.6855190215608007,0.7148270617540009,0.8207722172337728,0.8288288288288288,0.8088194513176382,"{""labels"": [""<=50K"", "">50K""], ""matrix"": [[3568, 147], [689, 480]]}"
svm-poly-c0.1-g0.01-d2,poly,0.1,0.01,2,7,10,43958,4884,12.368574619293213,0.9139971733093262,13.282571792602539,0.8353808353808354,0.8199236251292403,0.6916324446672664,0.7233483483483483,0.8306610765253865,0.8353808353808354,0.8151948016812881,"{""labels"": [""<=50K"", "">50K""], ""matrix"": [[3594, 122], [682, 486]]}"
svm-poly-c0.1-g0.01-d2,poly,0.1,0.01,2,8,10,43958,4884,11.869046211242676,0.9438354969024658,12.812881708145142,0.8319000819000819,0.8121350590241894,0.6867032786764381,0.7173749566081589,0.8258574781761714,0.8319000819000819,0.811234724779217,"{""labels"": [""<=50K"", "">50K""], ""matrix"": [[3586, 130], [691, 477]]}"
svm-poly-c0.1-g0.01-d2,poly,0.1,0.01,2,9,10,43957,4885,11.948991060256958,0.8631031513214111,12.81209421157837,0.8307062436028659,0.8074083137709861,0.6872749652022869,0.7172998579674773,0.8236842488305892,0.8307062436028659,0.8105833910773882,"{""labels"": [""<=50K"", "">50K""], ""matrix"": [[3576, 139], [688, 482]]}"
svm-poly-c1-g0.1-d2,poly,1,0.1,2,0,10,43958,4884,512.8895547389984,0.883730411529541,513.773285150528,0.8480753480753481,0.8116244769939573,0.7421394089344864,0.7669129737118405,0.8404634818955176,0.8480753480753481,0.8386129754916776,"{""labels"": [""<=50K"", "">50K""], ""matrix"": [[3512, 203], [539, 630]]}"
svm-poly-c1-g0.1-d2,poly,1,0.1,2,1,10,43959,4883,524.1375608444214,0.7404310703277588,524.8779919147491,0.8425148474298587,0.801998115905719,0.7339057228193735,0.7579696227311749,0.833996911314086,0.8425148474298587,0.8325838594974768,"{""labels"": [""<=50K"", "">50K""], ""matrix"": [[3500, 215], [554, 614]]}"
svm-poly-c1-g0.1-d2,poly,1,0.1,2,2,10,43957,4885,513.3271615505219,0.8654532432556152,514.1926147937775,0.8452405322415558,0.804903123177448,0.741037719570694,0.7642695961358459,0.8371755865751702,0.8452405322415558,0.8362469039909041,"{""labels"": [""<=50K"", "">50K""], ""matrix"": [[3496, 219], [537, 633]]}"
svm-poly-c1-g0.1-d2,poly,1,0.1,2,3,10,43958,4884,502.92303824424744,0.7644612789154053,503.68749952316284,0.8466420966420967,0.8094947780106875,0.7392463357270301,0.7641011057168201,0.8387986070734833,0.8466420966420967,0.8368994597762194,"{""labels"": [""<=50K"", "">50K""], ""matrix"": [[3512, 204], [545, 623]]}"
svm-poly-c1-g0.1-d2,poly,1,0.1,2,4,10,43957,4885,602.6743423938751,1.5093882083892822,604.1837306022644,0.8454452405322416,0.8038876626875571,0.7430360331159916,0.7655223006765518,0.8374154266313047,0.8454452405322416,0.8368980818169592,"{""labels"": [""<=50K"", "">50K""], ""matrix"": [[3491, 225], [530, 639]]}"
svm-poly-c1-g0.1-d2,poly,1,0.1,2,5,10,43958,4884,814.2772014141083,1.5013337135314941,815.7785351276398,0.8431613431613432,0.8038235812066258,0.7337301119188404,0.7582962381979323,0.834759574250027,0.8431613431613432,0.8330150659266022,"{""labels"": [""<=50K"", "">50K""], ""matrix"": [[3506, 210], [556, 612]]}"
svm-poly-c1-g0.1-d2,poly,1,0.1,2,6,10,43958,4884,567.8912036418915,0.8826189041137695,568.7738225460052,0.8417280917280917,0.7978946090896482,0.7373808813827833,0.7595702219611727,0.8331664317184336,0.8417280917280917,0.832836049080814,"{""labels"": [""<=50K"", "">50K""], ""matrix"": [[3483, 232], [541, 628]]}"
svm-poly-c1-g0.1-d2,poly,1,0.1,2,7,10,43958,4884,527.8154373168945,0.7409849166870117,528.5564222335815,0.8482800982800983,0.8106820569588762,0.7438451088959995,0.7679999912816752,0.8406382199627768,0.8482800982800983,0.8391986382124033,"{""labels"": [""<=50K"", "">50K""], ""matrix"": [[3508, 208], [533, 635]]}"
svm-poly-c1-g0.1-d2,poly,1,0.1,2,8,10,43958,4884,519.583892583847,0.8852131366729736,520.46910572052,0.8435708435708436,0.8041390157486423,0.7348798052110828,0.7592871230103999,0.8352257413956005,0.8435708435708436,0.8335967839059053,"{""labels"": [""<=50K"", "">50K""], ""matrix"": [[3505, 211], [553, 615]]}"
svm-poly-c1-g0.1-d2,poly,1,0.1,2,9,10,43957,4885,512.5468764305115,0.7322838306427002,513.2791602611542,0.8464687819856704,0.8088787918073341,0.7400886910308175,0.7645868448526588,0.8386165987715448,0.8464687819856704,0.8369192051454442,"{""labels"": [""<=50K"", "">50K""], ""matrix"": [[3508, 207], [543, 627]]}"
svm-poly-c1-g0.01-d3,poly,1,0.01,3,0,10,43958,4884,155.9201865196228,0.8679099082946777,156.78809642791748,0.8531941031941032,0.817652804105599,0.7531254353435026,0.7769881618967152,0.8462520921837695,0.8531941031941032,0.8449462447489567,"{""labels"": [""<=50K"", "">50K""], ""matrix"": [[3511, 204], [513, 656]]}"
svm-poly-c1-g0.01-d3,poly,1,0.01,3,1,10,43959,4883,155.02911949157715,0.8804013729095459,155.9095208644867,0.8433340159737867,0.8013018356089008,0.7382594857943545,0.7611758259104661,0.8349566496263053,0.8433340159737867,0.8342403894898228,"{""labels"": [""<=50K"", "">50K""], ""matrix"": [[3491, 224], [541, 627]]}"
svm-poly-c1-g0.01-d3,poly,1,0.01,3,2,10,43957,4885,157.64204931259155,0.7121684551239014,158.35421776771545,0.8509723643807574,0.8122155817296952,0.7527107706111744,0.7751275778619529,0.8437387558578362,0.8509723643807574,0.8431659922751915,"{""labels"": [""<=50K"", "">50K""], ""matrix"": [[3497, 218], [510, 660]]}"
svm-poly-c1-g0.01-d3,poly,1,0.01,3,3,10,43958,4884,154.0163893699646,0.8678462505340576,154.88423562049866,0.8503276003276004,0.8123832388851213,0.7493000464485307,0.7726336769128296,0.8429595301423752,0.8503276003276004,0.8419731223982361,"{""labels"": [""<=50K"", "">50K""], ""matrix"": [[3504, 212], [519, 649]]}"
svm-poly-c1-g0.01-d3,poly,1,0.01,3,4,10,43957,4885,156.32171726226807,0.8682980537414551,157.19001531600952,0.8454452405322416,0.8027977290821678,0.7447950093968606,0.7665361090670275,0.8374683998971495,0.8454452405322416,0.8373042632367107,"{""labels"": [""<=50K"", "">50K""], ""matrix"": [[3485, 231], [524, 645]]}"
svm-poly-c1-g0.01-d3,poly,1,0.01,3,5,10,43958,4884,153.98711347579956,0.873363733291626,154.8604772090912,0.8474610974610974,0.8103005704873902,0.7412521934028341,0.7658837634099134,0.8397241325535824,0.8474610974610974,0.8379819414058957,"{""labels"": [""<=50K"", "">50K""], ""matrix"": [[3511, 205], [540, 628]]}"
svm-poly-c1-g0.01-d3,poly,1,0.01,3,6,10,43958,4884,155.32060647010803,0.8604590892791748,156.1810655593872,0.8415233415233415,0.7959265934646538,0.7398844303317993,0.7609056225712435,0.8330632922994008,0.8415233415233415,0.8332796396558844,"{""labels"": [""<=50K"", "">50K""], ""matrix"": [[3473, 242], [532, 637]]}"
svm-poly-c1-g0.01-d3,poly,1,0.01,3,7,10,43958,4884,162.10786128044128,0.8754150867462158,162.9832763671875,0.8474610974610974,0.808035166098418,0.744481011398322,0.7677719779667458,0.8396852206390945,0.8474610974610974,0.8387429239547248,"{""labels"": [""<=50K"", "">50K""], ""matrix"": [[3500, 216], [529, 639]]}"
svm-poly-c1-g0.01-d3,poly,1,0.01,3,8,10,43958,4884,141.35436415672302,0.8355028629302979,142.18986701965332,0.845004095004095,0.8051465473861106,0.7390504961882713,0.762815750311894,0.8368632967086042,0.845004095004095,0.8356560641469298,"{""labels"": [""<=50K"", "">50K""], ""matrix"": [[3501, 215], [542, 626]]}"
svm-poly-c1-g0.01-d3,poly,1,0.01,3,9,10,43957,4885,154.8487513065338,0.8025386333465576,155.65128993988037,0.8466734902763562,0.8072918120452557,0.7431508897861523,0.7665375993296657,0.8388194531582317,0.8466734902763562,0.8377975023552868,"{""labels"": [""<=50K"", "">50K""], ""matrix"": [[3499, 216], [533, 637]]}"
