config_id,instance_reduction_method,metric,k,vote,retention,fold_id,num_folds,n_train,n_test,fit_time_s,predict_time_s,total_time_s,memory_before_ir,memory_after_ir,memory_after_training,percentage_memory_reduction,accuracy,precision_macro,recall_macro,f1_macro,precision_weighted,recall_weighted,f1_weighted,confusion_matrix_json
ir_k_ibl-IBL3,IBL3,cosine,7,borda,always_retain,0,10,9894,1098,1.2734939000220038,0.04617739998502657,1.3196713000070304,1.2832489013671875,0.10546875,0.239501953125,91.78111511432954,0.9744990892531876,0.9752042923732134,0.9747212987349423,0.9746390586512955,0.9750669462782202,0.9744990892531876,0.9744606682490219,"{""labels"": [""0"", ""1"", ""2"", ""3"", ""4"", ""5"", ""6"", ""7"", ""8"", ""9""], ""matrix"": [[115, 0, 0, 0, 0, 0, 0, 0, 0, 0], [0, 104, 1, 2, 0, 0, 0, 7, 0, 0], [0, 6, 108, 0, 0, 0, 0, 0, 0, 0], [0, 1, 0, 104, 0, 0, 0, 0, 0, 0], [0, 0, 0, 0, 114, 1, 0, 0, 0, 0], [0, 0, 0, 0, 0, 105, 0, 0, 0, 0], [0, 0, 0, 0, 0, 0, 105, 0, 0, 0], [0, 0, 0, 0, 0, 0, 0, 113, 0, 1], [1, 0, 0, 0, 0, 1, 0, 1, 103, 0], [0, 0, 0, 0, 0, 5, 0, 0, 1, 99]]}"
ir_k_ibl-IBL3,IBL3,cosine,7,borda,always_retain,1,10,9893,1099,1.4595372000476345,0.04805559996748343,1.507592800015118,1.2831192016601562,0.1148681640625,0.2490234375,91.04774023224978,0.9745222929936306,0.9761744795642622,0.9751035093887304,0.9751219744451426,0.9756873392868606,0.9745222929936306,0.9745714003671131,"{""labels"": [""0"", ""1"", ""2"", ""3"", ""4"", ""5"", ""6"", ""7"", ""8"", ""9""], ""matrix"": [[113, 0, 0, 0, 1, 0, 0, 0, 0, 1], [0, 111, 2, 0, 0, 0, 0, 1, 0, 0], [0, 14, 100, 0, 0, 0, 0, 0, 0, 0], [0, 0, 0, 103, 0, 0, 0, 1, 0, 1], [0, 0, 0, 0, 114, 0, 0, 0, 0, 1], [0, 0, 0, 0, 0, 104, 0, 0, 0, 1], [0, 0, 0, 0, 0, 0, 105, 1, 0, 0], [0, 1, 1, 0, 0, 0, 0, 111, 0, 1], [0, 0, 0, 0, 0, 0, 0, 0, 105, 0], [0, 0, 0, 1, 0, 0, 0, 0, 0, 105]]}"
ir_k_ibl-IBL3,IBL3,cosine,7,borda,always_retain,2,10,9895,1097,1.0803669999586418,0.04287150001619011,1.123238499974832,1.2833786010742188,0.092529296875,0.2264404296875,92.79017923490771,0.9726526891522334,0.9740828890788104,0.972497548218372,0.9725973879120113,0.973963212192168,0.9726526891522334,0.9726119942629128,"{""labels"": [""0"", ""1"", ""2"", ""3"", ""4"", ""5"", ""6"", ""7"", ""8"", ""9""], ""matrix"": [[113, 0, 0, 0, 0, 0, 0, 0, 1, 0], [0, 113, 0, 0, 1, 0, 0, 1, 0, 0], [0, 10, 105, 0, 0, 0, 0, 0, 0, 0], [0, 1, 0, 101, 0, 3, 0, 0, 0, 0], [0, 0, 0, 0, 114, 0, 0, 0, 0, 0], [0, 0, 0, 0, 0, 104, 0, 0, 0, 1], [0, 0, 0, 0, 0, 0, 105, 0, 0, 0], [0, 0, 0, 0, 0, 0, 0, 114, 0, 0], [1, 0, 0, 0, 0, 0, 0, 1, 103, 0], [0, 0, 0, 2, 0, 6, 0, 2, 0, 95]]}"
ir_k_ibl-IBL3,IBL3,cosine,7,borda,always_retain,3,10,9892,1100,1.1582955000340007,0.04309220000868663,1.2013877000426874,1.282989501953125,0.0950927734375,0.2293701171875,92.58818772150995,0.980909090909091,0.9815446235229809,0.9811801036635888,0.9812022493971992,0.9813354820691366,0.980909090909091,0.9809560895957832,"{""labels"": [""0"", ""1"", ""2"", ""3"", ""4"", ""5"", ""6"", ""7"", ""8"", ""9""], ""matrix"": [[114, 0, 0, 0, 0, 0, 0, 0, 0, 0], [0, 112, 0, 0, 0, 0, 0, 2, 0, 0], [0, 5, 109, 0, 0, 0, 0, 1, 0, 0], [0, 1, 0, 103, 0, 0, 0, 1, 0, 0], [0, 0, 0, 0, 111, 0, 1, 1, 0, 2], [0, 0, 0, 0, 0, 104, 0, 0, 0, 1], [0, 0, 0, 0, 0, 0, 105, 0, 0, 0], [0, 1, 1, 0, 0, 0, 0, 113, 0, 0], [0, 0, 0, 0, 0, 0, 0, 1, 105, 0], [0, 0, 0, 1, 0, 2, 0, 0, 0, 103]]}"
ir_k_ibl-IBL3,IBL3,cosine,7,borda,always_retain,4,10,9894,1098,1.0756969000212848,0.05234110000310466,1.1280380000243895,1.2832489013671875,0.0870361328125,0.2210693359375,93.2175174496724,0.9754098360655737,0.9773990785081565,0.9757600523046748,0.9760547243247737,0.9766958446739492,0.9754098360655737,0.9755143483880362,"{""labels"": [""0"", ""1"", ""2"", ""3"", ""4"", ""5"", ""6"", ""7"", ""8"", ""9""], ""matrix"": [[114, 0, 0, 0, 0, 0, 0, 0, 0, 0], [0, 109, 0, 0, 0, 0, 0, 6, 0, 0], [0, 12, 102, 0, 0, 0, 0, 0, 0, 0], [0, 1, 1, 101, 0, 2, 0, 0, 0, 0], [0, 0, 0, 0, 114, 0, 0, 0, 0, 0], [0, 0, 0, 0, 0, 106, 0, 0, 0, 0], [0, 0, 0, 0, 0, 0, 106, 0, 0, 0], [0, 1, 0, 0, 0, 0, 0, 113, 0, 0], [0, 0, 0, 0, 0, 1, 0, 0, 104, 0], [0, 0, 0, 0, 0, 1, 0, 2, 0, 102]]}"
ir_k_ibl-IBL3,IBL3,cosine,7,borda,always_retain,5,10,9894,1098,1.2092898999690078,0.048598800029139966,1.2578886999981478,1.2832489013671875,0.1009521484375,0.2349853515625,92.13308124947977,0.9681238615664846,0.9702206497388695,0.9683208020050126,0.9685976979213556,0.9699786795589443,0.9681238615664846,0.9683695766152703,"{""labels"": [""0"", ""1"", ""2"", ""3"", ""4"", ""5"", ""6"", ""7"", ""8"", ""9""], ""matrix"": [[113, 0, 0, 0, 1, 0, 0, 0, 0, 0], [0, 110, 1, 1, 0, 0, 0, 2, 0, 0], [0, 11, 103, 0, 0, 0, 0, 0, 0, 0], [0, 2, 0, 101, 0, 2, 0, 0, 0, 0], [0, 0, 0, 0, 110, 0, 0, 2, 0, 2], [0, 1, 0, 0, 0, 104, 0, 0, 0, 0], [0, 0, 0, 0, 0, 0, 108, 0, 0, 0], [0, 2, 0, 0, 0, 0, 0, 112, 0, 0], [0, 0, 0, 0, 0, 1, 0, 0, 104, 0], [0, 0, 0, 0, 0, 6, 0, 1, 0, 98]]}"
ir_k_ibl-IBL3,IBL3,cosine,7,borda,always_retain,6,10,9890,1102,1.1391195000032894,0.04631200002040714,1.1854315000236966,1.2827301025390625,0.09765625,0.232177734375,92.38684351394754,0.9782214156079855,0.9796496239743947,0.9786134703406528,0.9786167444137437,0.9793433619592896,0.9782214156079855,0.9782512057742979,"{""labels"": [""0"", ""1"", ""2"", ""3"", ""4"", ""5"", ""6"", ""7"", ""8"", ""9""], ""matrix"": [[114, 0, 0, 0, 0, 0, 0, 0, 0, 0], [0, 113, 0, 0, 0, 0, 0, 2, 0, 0], [0, 11, 103, 0, 0, 0, 0, 0, 0, 0], [0, 0, 0, 108, 0, 0, 0, 0, 0, 0], [0, 0, 0, 0, 109, 0, 0, 1, 0, 4], [0, 0, 0, 1, 0, 105, 0, 0, 0, 0], [0, 0, 0, 0, 0, 1, 103, 1, 0, 0], [0, 1, 0, 0, 0, 0, 0, 113, 0, 0], [0, 0, 0, 0, 0, 1, 0, 0, 104, 0], [0, 0, 0, 0, 0, 1, 0, 0, 0, 106]]}"
ir_k_ibl-IBL3,IBL3,cosine,7,borda,always_retain,7,10,9892,1100,1.1626747000264004,0.04580349999014288,1.2084782000165433,1.282989501953125,0.097412109375,0.231689453125,92.4074118122785,0.9663636363636363,0.9686383587164986,0.9669539653800499,0.967200771780161,0.9678937461729091,0.9663636363636363,0.9665146479191338,"{""labels"": [""0"", ""1"", ""2"", ""3"", ""4"", ""5"", ""6"", ""7"", ""8"", ""9""], ""matrix"": [[112, 0, 0, 0, 2, 0, 0, 0, 0, 0], [0, 107, 1, 0, 0, 0, 0, 6, 0, 0], [0, 13, 101, 0, 0, 0, 0, 0, 0, 0], [0, 0, 0, 105, 0, 2, 0, 0, 0, 0], [0, 1, 0, 0, 110, 0, 0, 1, 0, 2], [0, 0, 0, 0, 0, 106, 0, 0, 0, 0], [0, 0, 0, 0, 0, 0, 105, 0, 0, 0], [0, 1, 0, 1, 0, 0, 0, 113, 0, 0], [1, 0, 0, 0, 0, 0, 0, 3, 102, 0], [0, 0, 0, 1, 0, 1, 0, 1, 0, 102]]}"
ir_k_ibl-IBL3,IBL3,cosine,7,borda,always_retain,8,10,9894,1098,1.3322727999766357,0.05038179998518899,1.3826545999618247,1.2832489013671875,0.121826171875,0.255859375,90.50642694919084,0.9717668488160291,0.9745799699491249,0.9723125492155328,0.9722527759148172,0.9741707729379028,0.9717668488160291,0.9717321080408948,"{""labels"": [""0"", ""1"", ""2"", ""3"", ""4"", ""5"", ""6"", ""7"", ""8"", ""9""], ""matrix"": [[113, 0, 0, 0, 0, 0, 1, 0, 0, 0], [0, 111, 0, 0, 0, 0, 0, 2, 0, 1], [0, 17, 97, 1, 0, 0, 0, 0, 0, 0], [0, 1, 0, 103, 1, 0, 0, 0, 0, 0], [0, 0, 0, 0, 114, 0, 0, 0, 0, 0], [0, 0, 0, 0, 0, 106, 0, 0, 0, 0], [0, 0, 0, 0, 0, 0, 105, 0, 0, 0], [0, 0, 0, 0, 0, 0, 0, 114, 0, 0], [0, 1, 0, 0, 0, 3, 0, 1, 101, 0], [0, 0, 0, 0, 0, 2, 0, 0, 0, 103]]}"
ir_k_ibl-IBL3,IBL3,cosine,7,borda,always_retain,9,10,9890,1102,1.1117422000388615,0.04713849996915087,1.1588807000080124,1.2827301025390625,0.0902099609375,0.2247314453125,92.96734669600905,0.97005444646098,0.9727496730305202,0.9705810465458148,0.9706568892740453,0.9723485468454268,0.97005444646098,0.9701557895312652,"{""labels"": [""0"", ""1"", ""2"", ""3"", ""4"", ""5"", ""6"", ""7"", ""8"", ""9""], ""matrix"": [[113, 0, 0, 0, 1, 0, 0, 0, 0, 1], [0, 111, 0, 1, 0, 1, 0, 1, 0, 0], [0, 17, 98, 0, 0, 0, 0, 0, 0, 0], [0, 1, 0, 101, 0, 2, 0, 0, 0, 1], [0, 0, 1, 0, 113, 0, 0, 0, 0, 1], [0, 0, 0, 0, 0, 105, 0, 0, 1, 0], [0, 0, 0, 0, 0, 0, 106, 0, 0, 0], [0, 0, 0, 0, 0, 0, 0, 114, 0, 0], [0, 1, 0, 0, 0, 0, 0, 0, 105, 0], [0, 1, 0, 0, 0, 0, 0, 2, 0, 103]]}"
ir_k_ibl-CNN,CNN,cosine,7,borda,always_retain,0,10,9894,1098,0.9568396999966353,0.03971849998924881,0.9965581999858841,1.2832489013671875,0.0552978515625,0.1893310546875,95.6907929939714,0.9899817850637522,0.9900621419545953,0.9898743988766009,0.9899306899723417,0.9900371076155857,0.9899817850637522,0.9899721601185432,"{""labels"": [""0"", ""1"", ""2"", ""3"", ""4"", ""5"", ""6"", ""7"", ""8"", ""9""], ""matrix"": [[114, 0, 0, 0, 0, 0, 0, 0, 1, 0], [0, 113, 1, 0, 0, 0, 0, 0, 0, 0], [0, 0, 114, 0, 0, 0, 0, 0, 0, 0], [0, 1, 0, 103, 0, 0, 0, 1, 0, 0], [0, 0, 0, 0, 113, 1, 0, 0, 0, 1], [0, 0, 0, 0, 0, 105, 0, 0, 0, 0], [0, 0, 0, 0, 0, 0, 105, 0, 0, 0], [0, 0, 0, 0, 0, 0, 0, 114, 0, 0], [2, 0, 0, 0, 0, 1, 0, 0, 103, 0], [0, 1, 0, 0, 0, 0, 0, 0, 1, 103]]}"
ir_k_ibl-CNN,CNN,cosine,7,borda,always_retain,1,10,9893,1099,1.2488308000029065,0.03859780001221225,1.2874286000151187,1.2831192016601562,0.054443359375,0.1885986328125,95.75695233111945,0.986351228389445,0.9866552333691134,0.9862828112117867,0.9864307012767961,0.9864813827036538,0.986351228389445,0.9863788187047695,"{""labels"": [""0"", ""1"", ""2"", ""3"", ""4"", ""5"", ""6"", ""7"", ""8"", ""9""], ""matrix"": [[114, 0, 0, 0, 1, 0, 0, 0, 0, 0], [0, 113, 1, 0, 0, 0, 0, 0, 0, 0], [0, 2, 112, 0, 0, 0, 0, 0, 0, 0], [0, 0, 0, 103, 0, 0, 0, 1, 0, 1], [0, 0, 0, 0, 114, 0, 0, 0, 0, 1], [0, 0, 0, 0, 0, 104, 0, 0, 0, 1], [0, 0, 0, 0, 0, 0, 105, 1, 0, 0], [0, 1, 1, 0, 0, 0, 0, 112, 0, 0], [0, 0, 0, 0, 0, 1, 0, 0, 103, 1], [1, 0, 0, 0, 1, 0, 0, 0, 0, 104]]}"
ir_k_ibl-CNN,CNN,cosine,7,borda,always_retain,2,10,9895,1097,0.9342112999875098,0.037614100030623376,0.9718254000181332,1.2833786010742188,0.0521240234375,0.18603515625,95.9385310465773,0.9854147675478578,0.9853432313186031,0.9853263593767027,0.9852659334027575,0.9855153050190925,0.9854147675478578,0.9853982858792467,"{""labels"": [""0"", ""1"", ""2"", ""3"", ""4"", ""5"", ""6"", ""7"", ""8"", ""9""], ""matrix"": [[113, 0, 0, 0, 0, 0, 0, 0, 0, 1], [0, 111, 1, 2, 1, 0, 0, 0, 0, 0], [0, 1, 114, 0, 0, 0, 0, 0, 0, 0], [0, 0, 0, 102, 0, 3, 0, 0, 0, 0], [0, 0, 0, 0, 113, 0, 1, 0, 0, 0], [0, 0, 0, 0, 0, 105, 0, 0, 0, 0], [0, 0, 0, 0, 0, 0, 105, 0, 0, 0], [0, 0, 0, 0, 0, 0, 0, 114, 0, 0], [1, 0, 0, 0, 0, 0, 0, 1, 102, 1], [0, 1, 0, 1, 0, 1, 0, 0, 0, 102]]}"
ir_k_ibl-CNN,CNN,cosine,7,borda,always_retain,3,10,9892,1100,1.1351049999939278,0.03662219998659566,1.1717271999805234,1.282989501953125,0.0501708984375,0.1844482421875,96.08953164767726,0.98,0.9802682010182053,0.980117109837761,0.9801491939565489,0.9800828815882836,0.98,0.9799977340336836,"{""labels"": [""0"", ""1"", ""2"", ""3"", ""4"", ""5"", ""6"", ""7"", ""8"", ""9""], ""matrix"": [[112, 0, 0, 0, 0, 0, 0, 0, 2, 0], [0, 108, 2, 2, 0, 0, 0, 2, 0, 0], [0, 1, 114, 0, 0, 0, 0, 0, 0, 0], [0, 1, 1, 103, 0, 0, 0, 0, 0, 0], [0, 0, 0, 0, 114, 1, 0, 0, 0, 0], [0, 0, 0, 0, 0, 104, 0, 0, 0, 1], [0, 0, 0, 0, 0, 0, 105, 0, 0, 0], [0, 2, 1, 0, 0, 0, 0, 112, 0, 0], [0, 1, 0, 0, 0, 1, 0, 2, 102, 0], [1, 0, 0, 0, 0, 1, 0, 0, 0, 104]]}"
ir_k_ibl-CNN,CNN,cosine,7,borda,always_retain,4,10,9894,1098,1.1902131999959238,0.036900200007949024,1.2271134000038728,1.2832489013671875,0.0538330078125,0.1878662109375,95.80494417293903,0.9899817850637522,0.9902453416560763,0.9899392451596588,0.9900422434241966,0.9900809568692389,0.9899817850637522,0.989980275634014,"{""labels"": [""0"", ""1"", ""2"", ""3"", ""4"", ""5"", ""6"", ""7"", ""8"", ""9""], ""matrix"": [[114, 0, 0, 0, 0, 0, 0, 0, 0, 0], [0, 111, 3, 1, 0, 0, 0, 0, 0, 0], [0, 0, 114, 0, 0, 0, 0, 0, 0, 0], [0, 1, 1, 103, 0, 0, 0, 0, 0, 0], [0, 0, 0, 0, 114, 0, 0, 0, 0, 0], [0, 0, 0, 1, 0, 105, 0, 0, 0, 0], [0, 0, 0, 0, 0, 0, 106, 0, 0, 0], [0, 1, 0, 0, 0, 0, 0, 113, 0, 0], [1, 0, 0, 0, 0, 0, 0, 0, 104, 0], [0, 0, 0, 0, 0, 1, 0, 1, 0, 103]]}"
ir_k_ibl-CNN,CNN,cosine,7,borda,always_retain,5,10,9894,1098,1.1528714000014588,0.03829779999796301,1.1911691999994218,1.2832489013671875,0.0523681640625,0.1864013671875,95.91909535190668,0.9836065573770492,0.9837309908320275,0.9834586466165414,0.9834738446375774,0.9837453183538309,0.9836065573770492,0.983558315314019,"{""labels"": [""0"", ""1"", ""2"", ""3"", ""4"", ""5"", ""6"", ""7"", ""8"", ""9""], ""matrix"": [[114, 0, 0, 0, 0, 0, 0, 0, 0, 0], [0, 109, 1, 2, 1, 0, 1, 0, 0, 0], [0, 0, 114, 0, 0, 0, 0, 0, 0, 0], [0, 0, 0, 105, 0, 0, 0, 0, 0, 0], [0, 0, 0, 0, 114, 0, 0, 0, 0, 0], [0, 1, 0, 2, 0, 101, 0, 0, 0, 1], [0, 0, 0, 0, 0, 0, 108, 0, 0, 0], [0, 2, 1, 0, 0, 0, 0, 111, 0, 0], [0, 1, 0, 0, 0, 1, 1, 0, 101, 1], [1, 0, 0, 0, 0, 0, 0, 1, 0, 103]]}"
ir_k_ibl-CNN,CNN,cosine,7,borda,always_retain,6,10,9890,1102,0.9112378000281751,0.04234529996756464,0.9535830999957398,1.2827301025390625,0.0523681640625,0.1868896484375,95.91744483435437,0.984573502722323,0.9847485604670906,0.9845881005904239,0.9845882348138583,0.9847849974734394,0.984573502722323,0.9845984612519483,"{""labels"": [""0"", ""1"", ""2"", ""3"", ""4"", ""5"", ""6"", ""7"", ""8"", ""9""], ""matrix"": [[114, 0, 0, 0, 0, 0, 0, 0, 0, 0], [0, 111, 3, 1, 0, 0, 0, 0, 0, 0], [0, 0, 114, 0, 0, 0, 0, 0, 0, 0], [0, 0, 0, 108, 0, 0, 0, 0, 0, 0], [0, 1, 0, 0, 110, 0, 0, 0, 0, 3], [0, 0, 0, 1, 0, 104, 0, 0, 0, 1], [0, 0, 0, 0, 0, 1, 104, 0, 0, 0], [0, 1, 0, 0, 0, 0, 0, 113, 0, 0], [0, 0, 0, 0, 0, 1, 0, 0, 103, 1], [0, 2, 0, 0, 0, 1, 0, 0, 0, 104]]}"
ir_k_ibl-CNN,CNN,cosine,7,borda,always_retain,7,10,9892,1100,0.9135297000175342,0.03669620002619922,0.9502259000437334,1.282989501953125,0.0499267578125,0.1842041015625,96.10856069075426,0.9827272727272728,0.9829759365260168,0.9829244152218118,0.9828772378514519,0.9828436810859155,0.9827272727272728,0.9827109113596484,"{""labels"": [""0"", ""1"", ""2"", ""3"", ""4"", ""5"", ""6"", ""7"", ""8"", ""9""], ""matrix"": [[110, 1, 0, 0, 2, 0, 0, 0, 1, 0], [0, 109, 4, 1, 0, 0, 0, 0, 0, 0], [0, 0, 114, 0, 0, 0, 0, 0, 0, 0], [0, 0, 0, 107, 0, 0, 0, 0, 0, 0], [0, 0, 0, 0, 112, 0, 0, 0, 0, 2], [0, 0, 0, 0, 0, 105, 0, 0, 0, 1], [0, 0, 0, 0, 0, 0, 105, 0, 0, 0], [0, 1, 0, 1, 0, 0, 0, 113, 0, 0], [1, 0, 0, 0, 0, 0, 0, 0, 104, 1], [1, 0, 0, 0, 1, 0, 0, 1, 0, 102]]}"
ir_k_ibl-CNN,CNN,cosine,7,borda,always_retain,8,10,9894,1098,1.1909067000378855,0.03719889995409176,1.2281055999919772,1.2832489013671875,0.052978515625,0.18701171875,95.87153236067016,0.98816029143898,0.9883850768620865,0.9882551333214085,0.9882525081814837,0.9882236378781234,0.98816029143898,0.9881233224134058,"{""labels"": [""0"", ""1"", ""2"", ""3"", ""4"", ""5"", ""6"", ""7"", ""8"", ""9""], ""matrix"": [[114, 0, 0, 0, 0, 0, 0, 0, 0, 0], [0, 108, 2, 2, 0, 0, 0, 2, 0, 0], [0, 1, 114, 0, 0, 0, 0, 0, 0, 0], [0, 0, 0, 104, 1, 0, 0, 0, 0, 0], [0, 0, 0, 0, 113, 1, 0, 0, 0, 0], [0, 0, 0, 1, 0, 105, 0, 0, 0, 0], [0, 0, 0, 0, 0, 0, 105, 0, 0, 0], [0, 0, 0, 0, 0, 0, 0, 114, 0, 0], [1, 1, 0, 0, 0, 0, 0, 0, 104, 0], [1, 0, 0, 0, 0, 0, 0, 0, 0, 104]]}"
ir_k_ibl-CNN,CNN,cosine,7,borda,always_retain,9,10,9890,1102,1.2236857999814674,0.03835290001006797,1.2620386999915354,1.2827301025390625,0.0543212890625,0.1888427734375,95.76518170463332,0.9863883847549909,0.9863298750184211,0.9862678024018207,0.986261421066479,0.9864017900078407,0.9863883847549909,0.9863581119293456,"{""labels"": [""0"", ""1"", ""2"", ""3"", ""4"", ""5"", ""6"", ""7"", ""8"", ""9""], ""matrix"": [[113, 0, 0, 0, 1, 0, 0, 0, 0, 1], [0, 112, 1, 1, 0, 0, 0, 0, 0, 0], [0, 0, 115, 0, 0, 0, 0, 0, 0, 0], [0, 0, 0, 104, 0, 0, 0, 0, 0, 1], [0, 0, 0, 0, 113, 1, 1, 0, 0, 0], [0, 0, 0, 0, 0, 105, 0, 0, 1, 0], [0, 0, 0, 0, 0, 0, 106, 0, 0, 0], [0, 0, 0, 0, 0, 0, 0, 114, 0, 0], [0, 2, 0, 0, 0, 0, 0, 1, 103, 0], [1, 0, 0, 1, 0, 1, 0, 1, 0, 102]]}"
ir_k_ibl-MCNN,MCNN,cosine,7,borda,always_retain,0,10,9894,1098,1.1850787000148557,0.03722040000138804,1.2222991000162438,1.2832489013671875,0.051513671875,0.185546875,95.98568353963782,0.98816029143898,0.988307028196654,0.9881799453514837,0.9881821379085964,0.9882334818296663,0.98816029143898,0.988133988376324,"{""labels"": [""0"", ""1"", ""2"", ""3"", ""4"", ""5"", ""6"", ""7"", ""8"", ""9""], ""matrix"": [[115, 0, 0, 0, 0, 0, 0, 0, 0, 0], [0, 109, 4, 1, 0, 0, 0, 0, 0, 0], [0, 0, 114, 0, 0, 0, 0, 0, 0, 0], [0, 1, 0, 104, 0, 0, 0, 0, 0, 0], [0, 0, 0, 0, 114, 0, 0, 0, 0, 1], [0, 0, 0, 0, 0, 105, 0, 0, 0, 0], [0, 0, 0, 0, 0, 0, 105, 0, 0, 0], [0, 0, 0, 0, 0, 0, 0, 113, 0, 1], [1, 0, 0, 0, 0, 1, 0, 1, 103, 0], [0, 1, 0, 0, 0, 0, 0, 0, 1, 103]]}"
ir_k_ibl-MCNN,MCNN,cosine,7,borda,always_retain,1,10,9893,1099,1.2270582999917679,0.03877849999116734,1.2658367999829352,1.2831192016601562,0.0548095703125,0.18896484375,95.72841165173236,0.9854413102820746,0.9855065998762965,0.9856132126871733,0.9855362677728541,0.9854746309761676,0.9854413102820746,0.9854337897684211,"{""labels"": [""0"", ""1"", ""2"", ""3"", ""4"", ""5"", ""6"", ""7"", ""8"", ""9""], ""matrix"": [[114, 0, 0, 0, 1, 0, 0, 0, 0, 0], [0, 111, 2, 1, 0, 0, 0, 0, 0, 0], [0, 2, 112, 0, 0, 0, 0, 0, 0, 0], [0, 0, 0, 103, 0, 0, 0, 1, 0, 1], [0, 0, 0, 0, 114, 1, 0, 0, 0, 0], [0, 0, 0, 1, 0, 104, 0, 0, 0, 0], [0, 0, 0, 0, 0, 0, 106, 0, 0, 0], [0, 1, 1, 0, 0, 0, 0, 110, 1, 1], [0, 0, 0, 0, 0, 1, 0, 0, 104, 0], [1, 0, 0, 0, 0, 0, 0, 0, 0, 105]]}"
ir_k_ibl-MCNN,MCNN,cosine,7,borda,always_retain,2,10,9895,1097,0.946263599966187,0.03976330003933981,0.9860269000055268,1.2833786010742188,0.05224609375,0.1861572265625,95.92901940968403,0.9908842297174111,0.9908940104510057,0.9908673858559442,0.9908340770552169,0.9909836726914004,0.9908842297174111,0.9908881932175688,"{""labels"": [""0"", ""1"", ""2"", ""3"", ""4"", ""5"", ""6"", ""7"", ""8"", ""9""], ""matrix"": [[112, 0, 0, 0, 0, 0, 0, 0, 1, 1], [0, 114, 0, 0, 1, 0, 0, 0, 0, 0], [0, 1, 114, 0, 0, 0, 0, 0, 0, 0], [0, 0, 0, 103, 0, 2, 0, 0, 0, 0], [0, 0, 0, 0, 113, 0, 1, 0, 0, 0], [0, 0, 0, 0, 0, 105, 0, 0, 0, 0], [0, 0, 0, 0, 0, 0, 105, 0, 0, 0], [0, 0, 0, 0, 0, 0, 0, 114, 0, 0], [0, 0, 0, 0, 0, 0, 0, 1, 104, 0], [0, 1, 0, 0, 0, 1, 0, 0, 0, 103]]}"
ir_k_ibl-MCNN,MCNN,cosine,7,borda,always_retain,3,10,9892,1100,1.1726607999880798,0.037123900023289025,1.2097847000113688,1.282989501953125,0.05078125,0.18505859375,96.04195903998477,0.9818181818181818,0.9818839928698475,0.9819363420857311,0.9818658531044943,0.9819232361762339,0.9818181818181818,0.9818263443529273,"{""labels"": [""0"", ""1"", ""2"", ""3"", ""4"", ""5"", ""6"", ""7"", ""8"", ""9""], ""matrix"": [[113, 0, 0, 0, 0, 0, 0, 0, 1, 0], [0, 109, 0, 3, 0, 0, 0, 2, 0, 0], [0, 0, 114, 0, 0, 0, 0, 1, 0, 0], [0, 1, 0, 103, 0, 0, 0, 1, 0, 0], [0, 0, 0, 0, 113, 0, 1, 0, 0, 1], [0, 0, 0, 1, 0, 103, 0, 0, 0, 1], [0, 0, 0, 0, 0, 0, 105, 0, 0, 0], [0, 2, 1, 0, 0, 0, 0, 112, 0, 0], [0, 0, 0, 0, 0, 2, 0, 1, 103, 0], [1, 0, 0, 0, 0, 0, 0, 0, 0, 105]]}"
ir_k_ibl-MCNN,MCNN,cosine,7,borda,always_retain,4,10,9894,1098,1.4251012000022456,0.03693639999255538,1.462037599994801,1.2832489013671875,0.0517578125,0.185791015625,95.9666583431432,0.982695810564663,0.9830134721648074,0.9825610169805152,0.9826652052775897,0.9828536611903277,0.982695810564663,0.9826543319881589,"{""labels"": [""0"", ""1"", ""2"", ""3"", ""4"", ""5"", ""6"", ""7"", ""8"", ""9""], ""matrix"": [[114, 0, 0, 0, 0, 0, 0, 0, 0, 0], [0, 109, 3, 2, 0, 0, 0, 1, 0, 0], [0, 0, 114, 0, 0, 0, 0, 0, 0, 0], [0, 1, 1, 103, 0, 0, 0, 0, 0, 0], [0, 0, 0, 0, 114, 0, 0, 0, 0, 0], [0, 0, 0, 1, 0, 105, 0, 0, 0, 0], [0, 0, 0, 0, 0, 0, 106, 0, 0, 0], [0, 1, 0, 1, 0, 0, 0, 112, 0, 0], [1, 2, 0, 0, 0, 1, 0, 0, 100, 1], [1, 0, 0, 0, 0, 1, 0, 1, 0, 102]]}"
ir_k_ibl-MCNN,MCNN,cosine,7,borda,always_retain,5,10,9894,1098,1.2079074999783188,0.03657320002093911,1.244480699999258,1.2832489013671875,0.0526123046875,0.1866455078125,95.90007015541208,0.9863387978142076,0.9865112831763667,0.9861654135338345,0.9861681799078772,0.9866923966642899,0.9863387978142076,0.9863521676043518,"{""labels"": [""0"", ""1"", ""2"", ""3"", ""4"", ""5"", ""6"", ""7"", ""8"", ""9""], ""matrix"": [[113, 0, 0, 0, 1, 0, 0, 0, 0, 0], [0, 111, 0, 2, 0, 0, 1, 0, 0, 0], [0, 0, 114, 0, 0, 0, 0, 0, 0, 0], [0, 0, 0, 105, 0, 0, 0, 0, 0, 0], [0, 1, 0, 0, 113, 0, 0, 0, 0, 0], [0, 0, 0, 3, 0, 100, 0, 0, 0, 2], [0, 0, 0, 0, 0, 0, 108, 0, 0, 0], [0, 0, 1, 0, 0, 0, 0, 113, 0, 0], [0, 1, 0, 1, 0, 0, 1, 0, 102, 0], [0, 1, 0, 0, 0, 0, 0, 0, 0, 104]]}"
ir_k_ibl-MCNN,MCNN,cosine,7,borda,always_retain,6,10,9890,1102,0.9426443999982439,0.04131950001465157,0.9839639000128955,1.2827301025390625,0.052734375,0.187255859375,95.88889549753166,0.9882032667876588,0.9882279731250161,0.9879898165291634,0.9880438063994701,0.9883243223440218,0.9882032667876588,0.9882004709724491,"{""labels"": [""0"", ""1"", ""2"", ""3"", ""4"", ""5"", ""6"", ""7"", ""8"", ""9""], ""matrix"": [[114, 0, 0, 0, 0, 0, 0, 0, 0, 0], [0, 114, 1, 0, 0, 0, 0, 0, 0, 0], [0, 1, 113, 0, 0, 0, 0, 0, 0, 0], [0, 0, 0, 108, 0, 0, 0, 0, 0, 0], [0, 0, 0, 0, 113, 0, 0, 0, 0, 1], [0, 0, 0, 1, 0, 105, 0, 0, 0, 0], [0, 0, 0, 0, 0, 1, 104, 0, 0, 0], [0, 0, 1, 0, 0, 0, 0, 113, 0, 0], [0, 0, 0, 0, 0, 1, 2, 0, 101, 1], [0, 2, 0, 0, 0, 1, 0, 0, 0, 104]]}"
ir_k_ibl-MCNN,MCNN,cosine,7,borda,always_retain,7,10,9892,1100,0.9082146000000648,0.03903240000363439,0.9472470000036992,1.282989501953125,0.0501708984375,0.1844482421875,96.08953164767726,0.9818181818181818,0.9821275012722983,0.9818396277815127,0.9818949333967515,0.9819329130301541,0.9818181818181818,0.9817866956932845,"{""labels"": [""0"", ""1"", ""2"", ""3"", ""4"", ""5"", ""6"", ""7"", ""8"", ""9""], ""matrix"": [[111, 1, 0, 0, 2, 0, 0, 0, 0, 0], [0, 109, 3, 2, 0, 0, 0, 0, 0, 0], [0, 0, 114, 0, 0, 0, 0, 0, 0, 0], [0, 0, 0, 107, 0, 0, 0, 0, 0, 0], [0, 0, 0, 0, 113, 0, 0, 0, 0, 1], [0, 0, 0, 0, 0, 104, 0, 0, 0, 2], [0, 0, 0, 0, 0, 0, 105, 0, 0, 0], [0, 1, 0, 1, 0, 0, 0, 113, 0, 0], [1, 0, 0, 0, 0, 0, 0, 2, 103, 0], [1, 0, 0, 0, 1, 1, 0, 1, 0, 101]]}"
ir_k_ibl-MCNN,MCNN,cosine,7,borda,always_retain,8,10,9894,1098,1.245847899990622,0.035673199978191406,1.2815210999688134,1.2832489013671875,0.054931640625,0.18896484375,95.7193307887133,0.9863387978142076,0.98660430180458,0.9864089468955408,0.9864069499782694,0.9864386403127724,0.9863387978142076,0.9862872946332463,"{""labels"": [""0"", ""1"", ""2"", ""3"", ""4"", ""5"", ""6"", ""7"", ""8"", ""9""], ""matrix"": [[113, 0, 0, 0, 0, 0, 1, 0, 0, 0], [0, 108, 3, 1, 0, 0, 0, 2, 0, 0], [0, 0, 115, 0, 0, 0, 0, 0, 0, 0], [0, 0, 0, 104, 1, 0, 0, 0, 0, 0], [0, 0, 0, 0, 113, 1, 0, 0, 0, 0], [0, 0, 0, 0, 0, 106, 0, 0, 0, 0], [0, 0, 0, 0, 0, 0, 105, 0, 0, 0], [0, 1, 0, 0, 0, 0, 0, 113, 0, 0], [1, 0, 0, 0, 0, 0, 0, 0, 104, 1], [1, 0, 0, 0, 1, 1, 0, 0, 0, 102]]}"
ir_k_ibl-MCNN,MCNN,cosine,7,borda,always_retain,9,10,9890,1102,1.2177062999689952,0.0370515999966301,1.2547578999656253,1.2827301025390625,0.0540771484375,0.1885986328125,95.78421459584845,0.984573502722323,0.9845494620343341,0.9846458229248265,0.984570152900203,0.9846155614974449,0.984573502722323,0.9845666476940211,"{""labels"": [""0"", ""1"", ""2"", ""3"", ""4"", ""5"", ""6"", ""7"", ""8"", ""9""], ""matrix"": [[113, 0, 0, 0, 1, 0, 0, 0, 0, 1], [0, 110, 2, 2, 0, 0, 0, 0, 0, 0], [0, 0, 115, 0, 0, 0, 0, 0, 0, 0], [0, 0, 0, 104, 0, 0, 0, 0, 0, 1], [0, 0, 0, 0, 113, 1, 0, 0, 0, 1], [0, 1, 0, 0, 0, 104, 0, 0, 1, 0], [0, 0, 0, 0, 0, 0, 106, 0, 0, 0], [0, 1, 0, 0, 0, 1, 0, 112, 0, 0], [0, 0, 0, 0, 0, 1, 0, 1, 104, 0], [1, 0, 0, 0, 0, 0, 0, 1, 0, 104]]}"
ir_k_ibl-enn,enn,cosine,7,borda,always_retain,0,10,9894,1098,4.027079499966931,0.23439719999441877,4.261476699961349,1.2832489013671875,1.1998291015625,1.3338623046875,6.500671827251216,0.9963570127504554,0.996316391203597,0.9962912613773977,0.9962867522705882,0.9963902368467225,0.9963570127504554,0.9963569341612736,"{""labels"": [""0"", ""1"", ""2"", ""3"", ""4"", ""5"", ""6"", ""7"", ""8"", ""9""], ""matrix"": [[115, 0, 0, 0, 0, 0, 0, 0, 0, 0], [0, 114, 0, 0, 0, 0, 0, 0, 0, 0], [0, 0, 114, 0, 0, 0, 0, 0, 0, 0], [0, 0, 0, 105, 0, 0, 0, 0, 0, 0], [0, 0, 0, 0, 114, 1, 0, 0, 0, 0], [0, 0, 0, 0, 0, 105, 0, 0, 0, 0], [0, 0, 0, 0, 0, 0, 105, 0, 0, 0], [0, 0, 0, 0, 0, 0, 0, 114, 0, 0], [1, 0, 0, 0, 0, 1, 0, 0, 104, 0], [0, 0, 0, 0, 0, 0, 0, 0, 1, 104]]}"
ir_k_ibl-enn,enn,cosine,7,borda,always_retain,1,10,9893,1099,4.019529799988959,0.2409466999815777,4.260476499970537,1.2831192016601562,1.2005615234375,1.334716796875,6.434139409326855,0.991810737033667,0.9920638791984044,0.9919701427481747,0.9919812078431842,0.9919130976357586,0.991810737033667,0.9918258366625992,"{""labels"": [""0"", ""1"", ""2"", ""3"", ""4"", ""5"", ""6"", ""7"", ""8"", ""9""], ""matrix"": [[114, 1, 0, 0, 0, 0, 0, 0, 0, 0], [0, 113, 1, 0, 0, 0, 0, 0, 0, 0], [0, 2, 112, 0, 0, 0, 0, 0, 0, 0], [0, 0, 0, 103, 0, 0, 0, 1, 0, 1], [0, 0, 0, 0, 114, 1, 0, 0, 0, 0], [0, 0, 0, 0, 0, 105, 0, 0, 0, 0], [0, 0, 0, 0, 0, 0, 106, 0, 0, 0], [0, 1, 1, 0, 0, 0, 0, 112, 0, 0], [0, 0, 0, 0, 0, 0, 0, 0, 105, 0], [0, 0, 0, 0, 0, 0, 0, 0, 0, 106]]}"
ir_k_ibl-enn,enn,cosine,7,borda,always_retain,2,10,9895,1097,4.010222199955024,0.24151300004450604,4.25173519999953,1.2833786010742188,1.1995849609375,1.33349609375,6.529144249918259,0.99179580674567,0.9918750888549337,0.9918197668083252,0.9918006379235914,0.9919207131869104,0.99179580674567,0.9918129745631122,"{""labels"": [""0"", ""1"", ""2"", ""3"", ""4"", ""5"", ""6"", ""7"", ""8"", ""9""], ""matrix"": [[113, 0, 0, 0, 0, 0, 0, 0, 0, 1], [0, 113, 1, 0, 1, 0, 0, 0, 0, 0], [0, 0, 115, 0, 0, 0, 0, 0, 0, 0], [0, 0, 0, 104, 0, 1, 0, 0, 0, 0], [0, 0, 0, 0, 113, 1, 0, 0, 0, 0], [0, 0, 0, 0, 0, 105, 0, 0, 0, 0], [0, 0, 0, 0, 0, 0, 105, 0, 0, 0], [0, 1, 0, 0, 0, 0, 0, 113, 0, 0], [0, 0, 0, 0, 0, 0, 0, 1, 104, 0], [0, 0, 0, 0, 0, 2, 0, 0, 0, 103]]}"
ir_k_ibl-enn,enn,cosine,7,borda,always_retain,3,10,9892,1100,4.003171000047587,0.24239059997489676,4.245561600022484,1.282989501953125,1.2003173828125,1.3345947265625,6.443709711947861,0.9890909090909091,0.9890818617931773,0.9891372401471277,0.9890972946764551,0.9891000279101697,0.9890909090909091,0.9890832563505877,"{""labels"": [""0"", ""1"", ""2"", ""3"", ""4"", ""5"", ""6"", ""7"", ""8"", ""9""], ""matrix"": [[114, 0, 0, 0, 0, 0, 0, 0, 0, 0], [0, 111, 0, 2, 0, 0, 0, 1, 0, 0], [0, 0, 114, 0, 0, 0, 0, 1, 0, 0], [0, 1, 1, 103, 0, 0, 0, 0, 0, 0], [0, 0, 0, 0, 115, 0, 0, 0, 0, 0], [0, 0, 0, 1, 0, 103, 0, 0, 0, 1], [0, 0, 0, 0, 0, 0, 105, 0, 0, 0], [0, 1, 1, 0, 0, 0, 0, 112, 1, 0], [0, 0, 0, 0, 0, 0, 0, 0, 106, 0], [0, 0, 0, 0, 0, 1, 0, 0, 0, 105]]}"
ir_k_ibl-enn,enn,cosine,7,borda,always_retain,4,10,9894,1098,3.999611000006553,0.2390925000072457,4.2387035000137985,1.2832489013671875,1.2003173828125,1.3343505859375,6.462621434262,0.9954462659380692,0.9956139512661253,0.9954127114340403,0.9954826409949435,0.9955242429226748,0.9954462659380692,0.9954536702941943,"{""labels"": [""0"", ""1"", ""2"", ""3"", ""4"", ""5"", ""6"", ""7"", ""8"", ""9""], ""matrix"": [[114, 0, 0, 0, 0, 0, 0, 0, 0, 0], [0, 113, 2, 0, 0, 0, 0, 0, 0, 0], [0, 0, 114, 0, 0, 0, 0, 0, 0, 0], [0, 0, 1, 104, 0, 0, 0, 0, 0, 0], [0, 0, 0, 0, 114, 0, 0, 0, 0, 0], [0, 0, 0, 1, 0, 105, 0, 0, 0, 0], [0, 0, 0, 0, 0, 0, 106, 0, 0, 0], [0, 0, 0, 0, 0, 0, 0, 114, 0, 0], [0, 0, 0, 0, 0, 0, 0, 0, 105, 0], [0, 0, 0, 0, 0, 0, 0, 1, 0, 104]]}"
ir_k_ibl-enn,enn,cosine,7,borda,always_retain,5,10,9894,1098,4.00355819996912,0.23604270000942051,4.239600899978541,1.2832489013671875,1.199462890625,1.33349609375,6.529209621993128,0.9936247723132969,0.9936925715344843,0.9936340852130325,0.9936384113966626,0.9936825775356027,0.9936247723132969,0.9936289010384345,"{""labels"": [""0"", ""1"", ""2"", ""3"", ""4"", ""5"", ""6"", ""7"", ""8"", ""9""], ""matrix"": [[114, 0, 0, 0, 0, 0, 0, 0, 0, 0], [0, 113, 0, 1, 0, 0, 0, 0, 0, 0], [0, 0, 114, 0, 0, 0, 0, 0, 0, 0], [0, 0, 0, 105, 0, 0, 0, 0, 0, 0], [0, 0, 0, 0, 112, 0, 0, 1, 0, 1], [0, 0, 0, 1, 0, 104, 0, 0, 0, 0], [0, 0, 0, 0, 0, 0, 108, 0, 0, 0], [0, 0, 1, 0, 0, 0, 0, 113, 0, 0], [0, 0, 0, 0, 0, 0, 0, 1, 104, 0], [0, 1, 0, 0, 0, 0, 0, 0, 0, 104]]}"
ir_k_ibl-enn,enn,cosine,7,borda,always_retain,6,10,9890,1102,4.012192499998491,0.23576469998806715,4.247957199986558,1.2827301025390625,1.2000732421875,1.3345947265625,6.44382323202284,0.9954627949183303,0.9955454694324984,0.9954878994039653,0.9954933373240598,0.9955103019262443,0.9954627949183303,0.9954626282107613,"{""labels"": [""0"", ""1"", ""2"", ""3"", ""4"", ""5"", ""6"", ""7"", ""8"", ""9""], ""matrix"": [[114, 0, 0, 0, 0, 0, 0, 0, 0, 0], [0, 113, 2, 0, 0, 0, 0, 0, 0, 0], [0, 0, 114, 0, 0, 0, 0, 0, 0, 0], [0, 0, 0, 108, 0, 0, 0, 0, 0, 0], [0, 0, 0, 0, 113, 0, 0, 1, 0, 0], [0, 0, 0, 1, 0, 105, 0, 0, 0, 0], [0, 0, 0, 0, 0, 1, 104, 0, 0, 0], [0, 0, 0, 0, 0, 0, 0, 114, 0, 0], [0, 0, 0, 0, 0, 0, 0, 0, 105, 0], [0, 0, 0, 0, 0, 0, 0, 0, 0, 107]]}"
ir_k_ibl-enn,enn,cosine,7,borda,always_retain,7,10,9892,1100,4.073283199977595,0.23867970000719652,4.311962899984792,1.282989501953125,1.2010498046875,1.3353271484375,6.386622582716872,0.9918181818181818,0.9921467341725962,0.9919714997090759,0.9920202169646071,0.9919044094475128,0.9918181818181818,0.9918214503264547,"{""labels"": [""0"", ""1"", ""2"", ""3"", ""4"", ""5"", ""6"", ""7"", ""8"", ""9""], ""matrix"": [[112, 0, 0, 0, 2, 0, 0, 0, 0, 0], [0, 111, 3, 0, 0, 0, 0, 0, 0, 0], [0, 1, 113, 0, 0, 0, 0, 0, 0, 0], [0, 0, 0, 107, 0, 0, 0, 0, 0, 0], [0, 0, 0, 0, 114, 0, 0, 0, 0, 0], [0, 0, 0, 0, 0, 106, 0, 0, 0, 0], [0, 0, 0, 0, 0, 0, 105, 0, 0, 0], [0, 0, 0, 1, 0, 0, 0, 114, 0, 0], [0, 0, 0, 0, 0, 0, 0, 1, 105, 0], [0, 0, 0, 0, 0, 0, 0, 1, 0, 104]]}"
ir_k_ibl-enn,enn,cosine,7,borda,always_retain,8,10,9894,1098,4.068830900010653,0.23344579996773973,4.302276699978393,1.2832489013671875,1.19970703125,1.333740234375,6.510184425498519,0.994535519125683,0.9945959247563684,0.9945202629214546,0.9945327835563399,0.9945936132432881,0.994535519125683,0.9945396208809942,"{""labels"": [""0"", ""1"", ""2"", ""3"", ""4"", ""5"", ""6"", ""7"", ""8"", ""9""], ""matrix"": [[113, 0, 0, 0, 0, 0, 1, 0, 0, 0], [0, 113, 1, 0, 0, 0, 0, 0, 0, 0], [0, 0, 115, 0, 0, 0, 0, 0, 0, 0], [0, 0, 0, 104, 1, 0, 0, 0, 0, 0], [0, 0, 0, 0, 113, 1, 0, 0, 0, 0], [0, 0, 0, 0, 0, 106, 0, 0, 0, 0], [0, 0, 0, 0, 0, 0, 105, 0, 0, 0], [0, 0, 0, 0, 0, 0, 0, 114, 0, 0], [0, 0, 0, 0, 0, 0, 0, 1, 105, 0], [0, 0, 0, 0, 0, 1, 0, 0, 0, 104]]}"
ir_k_ibl-enn,enn,cosine,7,borda,always_retain,9,10,9890,1102,4.017725700046867,0.23546989995520562,4.253195600002073,1.2827301025390625,1.2001953125,1.334716796875,6.434306786415274,0.9927404718693285,0.9927867880806304,0.9927239139686789,0.9927243236498289,0.9928043699879457,0.9927404718693285,0.9927405406120063,"{""labels"": [""0"", ""1"", ""2"", ""3"", ""4"", ""5"", ""6"", ""7"", ""8"", ""9""], ""matrix"": [[113, 0, 0, 0, 1, 0, 0, 0, 0, 1], [0, 112, 1, 1, 0, 0, 0, 0, 0, 0], [0, 0, 115, 0, 0, 0, 0, 0, 0, 0], [0, 0, 0, 104, 0, 0, 0, 0, 0, 1], [0, 0, 0, 0, 115, 0, 0, 0, 0, 0], [0, 0, 0, 0, 0, 105, 0, 0, 1, 0], [0, 0, 0, 0, 0, 0, 106, 0, 0, 0], [0, 0, 0, 0, 0, 0, 0, 114, 0, 0], [0, 0, 0, 0, 0, 0, 0, 1, 105, 0], [0, 0, 0, 0, 0, 0, 0, 1, 0, 105]]}"
ir_k_ibl-RENN,RENN,cosine,7,borda,always_retain,0,10,9894,1098,26.283522100013215,0.2343943000305444,26.51791640004376,1.2832489013671875,1.1988525390625,1.3328857421875,6.576772613229647,0.9954462659380692,0.9954376684770484,0.9953478651509824,0.9953671100909862,0.9954785689892245,0.9954462659380692,0.9954373028241198,"{""labels"": [""0"", ""1"", ""2"", ""3"", ""4"", ""5"", ""6"", ""7"", ""8"", ""9""], ""matrix"": [[115, 0, 0, 0, 0, 0, 0, 0, 0, 0], [0, 114, 0, 0, 0, 0, 0, 0, 0, 0], [0, 0, 114, 0, 0, 0, 0, 0, 0, 0], [0, 0, 0, 105, 0, 0, 0, 0, 0, 0], [0, 0, 0, 0, 114, 1, 0, 0, 0, 0], [0, 0, 0, 0, 0, 105, 0, 0, 0, 0], [0, 0, 0, 0, 0, 0, 105, 0, 0, 0], [0, 0, 0, 0, 0, 0, 0, 114, 0, 0], [1, 0, 0, 0, 0, 1, 0, 1, 103, 0], [0, 0, 0, 0, 0, 0, 0, 0, 1, 104]]}"
ir_k_ibl-RENN,RENN,cosine,7,borda,always_retain,1,10,9893,1099,22.373393499990925,0.24378499999875203,22.617178499989677,1.2831192016601562,1.19921875,1.3333740234375,6.538788567079515,0.991810737033667,0.9920638791984044,0.9919701427481747,0.9919812078431842,0.9919130976357586,0.991810737033667,0.9918258366625992,"{""labels"": [""0"", ""1"", ""2"", ""3"", ""4"", ""5"", ""6"", ""7"", ""8"", ""9""], ""matrix"": [[114, 1, 0, 0, 0, 0, 0, 0, 0, 0], [0, 113, 1, 0, 0, 0, 0, 0, 0, 0], [0, 2, 112, 0, 0, 0, 0, 0, 0, 0], [0, 0, 0, 103, 0, 0, 0, 1, 0, 1], [0, 0, 0, 0, 114, 1, 0, 0, 0, 0], [0, 0, 0, 0, 0, 105, 0, 0, 0, 0], [0, 0, 0, 0, 0, 0, 106, 0, 0, 0], [0, 1, 1, 0, 0, 0, 0, 112, 0, 0], [0, 0, 0, 0, 0, 0, 0, 0, 105, 0], [0, 0, 0, 0, 0, 0, 0, 0, 0, 106]]}"
ir_k_ibl-RENN,RENN,cosine,7,borda,always_retain,2,10,9895,1097,15.069771600014064,0.23589880001964048,15.305670400033705,1.2833786010742188,1.19873046875,1.3326416015625,6.5957257081710905,0.99179580674567,0.9918750888549337,0.9918197668083252,0.9918006379235914,0.9919207131869104,0.99179580674567,0.9918129745631122,"{""labels"": [""0"", ""1"", ""2"", ""3"", ""4"", ""5"", ""6"", ""7"", ""8"", ""9""], ""matrix"": [[113, 0, 0, 0, 0, 0, 0, 0, 0, 1], [0, 113, 1, 0, 1, 0, 0, 0, 0, 0], [0, 0, 115, 0, 0, 0, 0, 0, 0, 0], [0, 0, 0, 104, 0, 1, 0, 0, 0, 0], [0, 0, 0, 0, 113, 1, 0, 0, 0, 0], [0, 0, 0, 0, 0, 105, 0, 0, 0, 0], [0, 0, 0, 0, 0, 0, 105, 0, 0, 0], [0, 1, 0, 0, 0, 0, 0, 113, 0, 0], [0, 0, 0, 0, 0, 0, 0, 1, 104, 0], [0, 0, 0, 0, 0, 2, 0, 0, 0, 103]]}"
ir_k_ibl-RENN,RENN,cosine,7,borda,always_retain,3,10,9892,1100,15.045059600030072,0.2361232999828644,15.281182900012936,1.282989501953125,1.1988525390625,1.3331298828125,6.557883970409837,0.9890909090909091,0.9890818617931773,0.9891372401471277,0.9890972946764551,0.9891000279101697,0.9890909090909091,0.9890832563505877,"{""labels"": [""0"", ""1"", ""2"", ""3"", ""4"", ""5"", ""6"", ""7"", ""8"", ""9""], ""matrix"": [[114, 0, 0, 0, 0, 0, 0, 0, 0, 0], [0, 111, 0, 2, 0, 0, 0, 1, 0, 0], [0, 0, 114, 0, 0, 0, 0, 1, 0, 0], [0, 1, 1, 103, 0, 0, 0, 0, 0, 0], [0, 0, 0, 0, 115, 0, 0, 0, 0, 0], [0, 0, 0, 1, 0, 103, 0, 0, 0, 1], [0, 0, 0, 0, 0, 0, 105, 0, 0, 0], [0, 1, 1, 0, 0, 0, 0, 112, 1, 0], [0, 0, 0, 0, 0, 0, 0, 0, 106, 0], [0, 0, 0, 0, 0, 1, 0, 0, 0, 105]]}"
ir_k_ibl-RENN,RENN,cosine,7,borda,always_retain,4,10,9894,1098,18.623910500027705,0.23572209995472804,18.859632599982433,1.2832489013671875,1.199462890625,1.33349609375,6.529209621993128,0.9954462659380692,0.9956139512661253,0.9954127114340403,0.9954826409949435,0.9955242429226748,0.9954462659380692,0.9954536702941943,"{""labels"": [""0"", ""1"", ""2"", ""3"", ""4"", ""5"", ""6"", ""7"", ""8"", ""9""], ""matrix"": [[114, 0, 0, 0, 0, 0, 0, 0, 0, 0], [0, 113, 2, 0, 0, 0, 0, 0, 0, 0], [0, 0, 114, 0, 0, 0, 0, 0, 0, 0], [0, 0, 1, 104, 0, 0, 0, 0, 0, 0], [0, 0, 0, 0, 114, 0, 0, 0, 0, 0], [0, 0, 0, 1, 0, 105, 0, 0, 0, 0], [0, 0, 0, 0, 0, 0, 106, 0, 0, 0], [0, 0, 0, 0, 0, 0, 0, 114, 0, 0], [0, 0, 0, 0, 0, 0, 0, 0, 105, 0], [0, 0, 0, 0, 0, 0, 0, 1, 0, 104]]}"
ir_k_ibl-RENN,RENN,cosine,7,borda,always_retain,5,10,9894,1098,22.281575799977873,0.24295189999975264,22.524527699977625,1.2832489013671875,1.198486328125,1.33251953125,6.605310407971557,0.9936247723132969,0.9936925715344843,0.9936340852130325,0.9936384113966626,0.9936825775356027,0.9936247723132969,0.9936289010384345,"{""labels"": [""0"", ""1"", ""2"", ""3"", ""4"", ""5"", ""6"", ""7"", ""8"", ""9""], ""matrix"": [[114, 0, 0, 0, 0, 0, 0, 0, 0, 0], [0, 113, 0, 1, 0, 0, 0, 0, 0, 0], [0, 0, 114, 0, 0, 0, 0, 0, 0, 0], [0, 0, 0, 105, 0, 0, 0, 0, 0, 0], [0, 0, 0, 0, 112, 0, 0, 1, 0, 1], [0, 0, 0, 1, 0, 104, 0, 0, 0, 0], [0, 0, 0, 0, 0, 0, 108, 0, 0, 0], [0, 0, 1, 0, 0, 0, 0, 113, 0, 0], [0, 0, 0, 0, 0, 0, 0, 1, 104, 0], [0, 1, 0, 0, 0, 0, 0, 0, 0, 104]]}"
ir_k_ibl-RENN,RENN,cosine,7,borda,always_retain,6,10,9890,1102,22.34761170001002,0.23736709996592253,22.584978799975943,1.2827301025390625,1.198974609375,1.33349609375,6.52947124249093,0.9954627949183303,0.9955454694324984,0.9954878994039653,0.9954933373240598,0.9955103019262443,0.9954627949183303,0.9954626282107613,"{""labels"": [""0"", ""1"", ""2"", ""3"", ""4"", ""5"", ""6"", ""7"", ""8"", ""9""], ""matrix"": [[114, 0, 0, 0, 0, 0, 0, 0, 0, 0], [0, 113, 2, 0, 0, 0, 0, 0, 0, 0], [0, 0, 114, 0, 0, 0, 0, 0, 0, 0], [0, 0, 0, 108, 0, 0, 0, 0, 0, 0], [0, 0, 0, 0, 113, 0, 0, 1, 0, 0], [0, 0, 0, 1, 0, 105, 0, 0, 0, 0], [0, 0, 0, 0, 0, 1, 104, 0, 0, 0], [0, 0, 0, 0, 0, 0, 0, 114, 0, 0], [0, 0, 0, 0, 0, 0, 0, 0, 105, 0], [0, 0, 0, 0, 0, 0, 0, 0, 0, 107]]}"
ir_k_ibl-RENN,RENN,cosine,7,borda,always_retain,7,10,9892,1100,15.082939099986106,0.2405867000343278,15.323525800020434,1.282989501953125,1.2000732421875,1.3343505859375,6.462738755024857,0.990909090909091,0.9913067695395282,0.9910281034826609,0.9911163330291821,0.9910262646038508,0.990909090909091,0.9909156264460359,"{""labels"": [""0"", ""1"", ""2"", ""3"", ""4"", ""5"", ""6"", ""7"", ""8"", ""9""], ""matrix"": [[112, 0, 0, 0, 2, 0, 0, 0, 0, 0], [0, 111, 3, 0, 0, 0, 0, 0, 0, 0], [0, 1, 113, 0, 0, 0, 0, 0, 0, 0], [0, 0, 0, 107, 0, 0, 0, 0, 0, 0], [0, 0, 0, 0, 114, 0, 0, 0, 0, 0], [0, 0, 0, 0, 0, 106, 0, 0, 0, 0], [0, 0, 0, 0, 0, 0, 105, 0, 0, 0], [0, 0, 0, 1, 0, 0, 0, 114, 0, 0], [0, 0, 0, 0, 0, 0, 0, 2, 104, 0], [0, 0, 0, 0, 0, 0, 0, 1, 0, 104]]}"
ir_k_ibl-RENN,RENN,cosine,7,borda,always_retain,8,10,9894,1098,18.591942800034303,0.24004989996319637,18.8319926999975,1.2832489013671875,1.198486328125,1.33251953125,6.605310407971557,0.994535519125683,0.9945959247563684,0.9945202629214546,0.9945327835563399,0.9945936132432881,0.994535519125683,0.9945396208809942,"{""labels"": [""0"", ""1"", ""2"", ""3"", ""4"", ""5"", ""6"", ""7"", ""8"", ""9""], ""matrix"": [[113, 0, 0, 0, 0, 0, 1, 0, 0, 0], [0, 113, 1, 0, 0, 0, 0, 0, 0, 0], [0, 0, 115, 0, 0, 0, 0, 0, 0, 0], [0, 0, 0, 104, 1, 0, 0, 0, 0, 0], [0, 0, 0, 0, 113, 1, 0, 0, 0, 0], [0, 0, 0, 0, 0, 106, 0, 0, 0, 0], [0, 0, 0, 0, 0, 0, 105, 0, 0, 0], [0, 0, 0, 0, 0, 0, 0, 114, 0, 0], [0, 0, 0, 0, 0, 0, 0, 1, 105, 0], [0, 0, 0, 0, 0, 1, 0, 0, 0, 104]]}"
ir_k_ibl-RENN,RENN,cosine,7,borda,always_retain,9,10,9890,1102,14.89934359997278,0.24032089998945594,15.139664499962237,1.2827301025390625,1.1995849609375,1.3341064453125,6.481889014453102,0.9918330308529946,0.9919394553367459,0.9918467209862228,0.9918467775360911,0.9919201298287197,0.9918330308529946,0.9918288398361559,"{""labels"": [""0"", ""1"", ""2"", ""3"", ""4"", ""5"", ""6"", ""7"", ""8"", ""9""], ""matrix"": [[113, 0, 0, 0, 1, 0, 0, 0, 0, 1], [0, 111, 2, 1, 0, 0, 0, 0, 0, 0], [0, 0, 115, 0, 0, 0, 0, 0, 0, 0], [0, 0, 0, 104, 0, 0, 0, 0, 0, 1], [0, 0, 0, 0, 115, 0, 0, 0, 0, 0], [0, 0, 0, 0, 0, 105, 0, 0, 1, 0], [0, 0, 0, 0, 0, 0, 106, 0, 0, 0], [0, 0, 0, 0, 0, 0, 0, 114, 0, 0], [0, 0, 0, 0, 0, 0, 0, 1, 105, 0], [0, 0, 0, 0, 0, 0, 0, 1, 0, 105]]}"
