config_id,metric,k,vote,retention,num_folds,n_train_mean,n_test_mean,fit_time_s_mean,fit_time_s_std,predict_time_s_mean,predict_time_s_std,total_time_s_mean,total_time_s_std,accuracy_mean,accuracy_std,precision_macro_mean,precision_macro_std,recall_macro_mean,recall_macro_std,f1_macro_mean,f1_macro_std,precision_weighted_mean,precision_weighted_std,recall_weighted_mean,recall_weighted_std,f1_weighted_mean,f1_weighted_std,confusion_matrix_json
e-k3-mp-AR,euclidean,3,modified_plurality,RetentionPolicy.ALWAYS_RETAIN,10,43957.8,4884.2,0.0869810099975438,0.025134357872311,72.27484088999918,18.757698859333612,72.36182189999673,18.781824477281575,0.7655914893442215,0.005033127489373,0.6684111647013029,0.0078779064020097,0.6405930696521588,0.0061560800759303,0.6505618755379594,0.0067332693918629,0.7493688426062097,0.0051640721098898,0.7655914893442215,0.005033127489373,0.7551016660191123,0.0049286962385842,"{""labels"": [""<=50K"", "">50K""], ""matrix"": [[32708, 4447], [7002, 4685]]}"
e-k5-mp-AR,euclidean,5,modified_plurality,RetentionPolicy.ALWAYS_RETAIN,10,43957.8,4884.2,0.1143474299984518,0.0179357213077674,92.14996653000124,9.125617663569711,92.26431395999973,9.141967601008258,0.779022411269308,0.0049043927538777,0.6894768402741438,0.0097926612932275,0.6307988389550847,0.0050252154905678,0.6458911933847167,0.0061245925858832,0.7557488339399189,0.0056937303381939,0.779022411269308,0.0049043927538777,0.7591055339616709,0.0046040568995029,"{""labels"": [""<=50K"", "">50K""], ""matrix"": [[33999, 3156], [7637, 4050]]}"
e-k7-mp-AR,euclidean,7,modified_plurality,RetentionPolicy.ALWAYS_RETAIN,10,43957.8,4884.2,0.1116184100013924,0.0027686093320185,94.66430236999877,0.2530979581498115,94.77592078000016,0.2544158278553975,0.7862497414995355,0.0030948582110296,0.7074522729599839,0.0073685582823859,0.6247278226360742,0.0035257281053049,0.6414167005828565,0.0042719324375736,0.7622929477366538,0.0040547145050597,0.7862497414995355,0.0030948582110296,0.7602453695044395,0.0029508758611883,"{""labels"": [""<=50K"", "">50K""], ""matrix"": [[34721, 2434], [8006, 3681]]}"
c-k3-mp-AR,cosine,3,modified_plurality,RetentionPolicy.ALWAYS_RETAIN,10,43957.8,4884.2,0.1063992599985795,0.0155629377396507,87.81011441000446,0.3018881045566866,87.91651367000304,0.3017522161625599,0.7813562995946397,0.0058195142406935,0.6950415809891606,0.0092354051188489,0.6700137477297471,0.0090925520876633,0.6798994301989774,0.0091245208986922,0.769529643464592,0.0065137039117012,0.7813562995946397,0.0058195142406935,0.7738640912648378,0.0061655243897694,"{""labels"": [""<=50K"", "">50K""], ""matrix"": [[32828, 4327], [6352, 5335]]}"
c-k5-mp-AR,cosine,5,modified_plurality,RetentionPolicy.ALWAYS_RETAIN,10,43957.8,4884.2,0.1102325600018957,0.0036561802084603,87.86679184000532,0.3193151387207526,87.97702440000721,0.3213322973852898,0.7930061588021556,0.0043546152003444,0.7141754541672697,0.0075806800596596,0.6679649419066888,0.0062078848560009,0.6835340032383772,0.0065036055624387,0.7769861067047918,0.0048073590201786,0.7930061588021556,0.0043546152003444,0.7805846907261225,0.004432841961945,"{""labels"": [""<=50K"", "">50K""], ""matrix"": [[33728, 3427], [6683, 5004]]}"
c-k7-mp-AR,cosine,7,modified_plurality,RetentionPolicy.ALWAYS_RETAIN,10,43957.8,4884.2,0.1038015699974494,0.0149107001262588,87.67371460000285,0.2080506897162893,87.77751617000031,0.2089809294105968,0.7984319303270049,0.0041686267172836,0.7258618549121663,0.0077118974162453,0.6644357476233699,0.0062975840023661,0.6829780065966129,0.0068710359975824,0.7810804034357803,0.005018090966108,0.7984319303270049,0.0041686267172836,0.7827343442342494,0.004575579795155,"{""labels"": [""<=50K"", "">50K""], ""matrix"": [[34235, 2920], [6925, 4762]]}"
h-k3-mp-AR,heom,3,modified_plurality,RetentionPolicy.ALWAYS_RETAIN,10,43957.8,4884.2,0.0100747199932811,0.0007057608785381,13.1585614599986,0.0928187308876807,13.168636179991882,0.0927690362765824,0.7653048390541376,0.0049111123654781,0.6678730582471666,0.0076849901708957,0.6399059959858122,0.0059584093356015,0.6498890359215352,0.0065274430316188,0.7489345467665159,0.0050173901900823,0.7653048390541376,0.0049111123654781,0.7547049388732792,0.0047872379944805,"{""labels"": [""<=50K"", "">50K""], ""matrix"": [[32711, 4444], [7019, 4668]]}"
h-k5-mp-AR,heom,5,modified_plurality,RetentionPolicy.ALWAYS_RETAIN,10,43957.8,4884.2,0.0100119200011249,0.0005188461321248,13.160935000004248,0.0873904286856736,13.170946920005372,0.0877297376403889,0.778838148659252,0.0049141781527176,0.6891067721983667,0.0098177541074473,0.6305310497223972,0.0050768287866634,0.6455817235181915,0.0061795007289019,0.7555114252233995,0.0057201977203327,0.778838148659252,0.0049141781527176,0.7588988854200919,0.0046315912953366,"{""labels"": [""<=50K"", "">50K""], ""matrix"": [[33995, 3160], [7642, 4045]]}"
h-k7-mp-AR,heom,7,modified_plurality,RetentionPolicy.ALWAYS_RETAIN,10,43957.8,4884.2,0.0097333999961847,0.0004410815108118,13.157608559998334,0.0656812702583036,13.16734195999452,0.0658104743702352,0.7862292790532799,0.0031122155965931,0.7074412650073155,0.0074211463049256,0.624597102097178,0.0034679228832769,0.6412740856884523,0.0042211764218985,0.7622547034869103,0.0040754087837019,0.7862292790532799,0.0031122155965931,0.7601765086047627,0.0029420424493022,"{""labels"": [""<=50K"", "">50K""], ""matrix"": [[34724, 2431], [8010, 3677]]}"
e-k3-mp-NR,euclidean,3,modified_plurality,RetentionPolicy.NEVER_RETAIN,10,43957.8,4884.2,0.1126570299995364,0.0053973144744941,86.95600048000924,0.2387891841721749,87.06865751000878,0.2377326108240191,0.7648544137195079,0.0058867420475276,0.6670465360302434,0.0091319031099109,0.6386424135901041,0.006380839197378,0.6486877038939426,0.0072032743906135,0.7482061973209028,0.0057538674105986,0.7648544137195079,0.0058867420475276,0.7540231114253092,0.0055002307480908,"{""labels"": [""<=50K"", "">50K""], ""matrix"": [[32722, 4433], [7052, 4635]]}"
e-k5-mp-NR,euclidean,5,modified_plurality,RetentionPolicy.NEVER_RETAIN,10,43957.8,4884.2,0.1106627399945864,0.0044977440066009,87.09596352999797,0.2174214911811244,87.20662626999255,0.2160808735176928,0.7787971986011348,0.0058297157953604,0.6891751527770944,0.0115506295716425,0.6295953489787867,0.0054414078291705,0.6446712673051295,0.0067507436467439,0.7552922674757601,0.0066021303223979,0.7787971986011348,0.0058297157953604,0.7585020023406139,0.0052665184973026,"{""labels"": [""<=50K"", "">50K""], ""matrix"": [[34024, 3131], [7673, 4014]]}"
e-k7-mp-NR,euclidean,7,modified_plurality,RetentionPolicy.NEVER_RETAIN,10,43957.8,4884.2,0.1111508300004061,0.0047491848434302,87.06786510999954,0.1802022733435429,87.17901593999996,0.1835467252902234,0.7864749038330634,0.0035962231670337,0.7084991024523106,0.0087136522481452,0.6236142125753636,0.0039092224301738,0.6402694861422702,0.0048177140516558,0.7624912461565683,0.0047620169746884,0.7864749038330634,0.0035962231670337,0.7598502599371426,0.0033711984075546,"{""labels"": [""<=50K"", "">50K""], ""matrix"": [[34775, 2380], [8049, 3638]]}"
c-k3-mp-NR,cosine,3,modified_plurality,RetentionPolicy.NEVER_RETAIN,10,43957.8,4884.2,0.1097992699942551,0.0065637085330418,80.93013606001041,0.3746550106535764,81.03993533000467,0.3752675996197859,0.7811925119775911,0.0054399037245642,0.6947858672656422,0.008498545955983,0.6696126975698141,0.0081933753792659,0.6795388569525616,0.0082336211522952,0.7692983245520579,0.0059146612286873,0.7811925119775911,0.0054399037245642,0.7736475477307414,0.0056332932271591,"{""labels"": [""<=50K"", "">50K""], ""matrix"": [[32830, 4325], [6362, 5325]]}"
c-k5-mp-NR,cosine,5,modified_plurality,RetentionPolicy.NEVER_RETAIN,10,43957.8,4884.2,0.1113652000087313,0.0024357544990417,80.89338889000064,0.3049471666681397,81.00475409000937,0.3049644007961033,0.7920233242846697,0.0036513893862235,0.7123539072787398,0.0062328956019113,0.6670841652297831,0.0061136995255959,0.682396646023095,0.0061900203835528,0.7759436454294253,0.0042538361252444,0.7920233242846697,0.0036513893862235,0.7796910201273031,0.0040107292127267,"{""labels"": [""<=50K"", "">50K""], ""matrix"": [[33688, 3467], [6691, 4996]]}"
c-k7-mp-NR,cosine,7,modified_plurality,RetentionPolicy.NEVER_RETAIN,10,43957.8,4884.2,0.1108624800021061,0.0017154747282093,80.97709617000073,0.3431274915977461,81.08795865000283,0.3433923811047156,0.796875853886724,0.0041944738845135,0.7228484849812559,0.0077700004632171,0.6626215193533327,0.0060724897166568,0.6808116174140771,0.0067070234103632,0.7792481015257615,0.0050240491033584,0.796875853886724,0.0041944738845135,0.781172836282066,0.0045368692043806,"{""labels"": [""<=50K"", "">50K""], ""matrix"": [[34186, 2969], [6952, 4735]]}"
h-k3-mp-NR,heom,3,modified_plurality,RetentionPolicy.NEVER_RETAIN,10,43957.8,4884.2,0.0104936699965037,0.0021573384622146,10.224115170002914,0.0701177428617637,10.23460883999942,0.0710659246278244,0.7645063257903463,0.0056617733722224,0.6664058701129985,0.0087957197093952,0.6379149960707802,0.0061364881343416,0.6479546032842386,0.0069192655213394,0.7477167164020773,0.0055331876413983,0.7645063257903463,0.0056617733722224,0.7535745053988462,0.0052801805795553,"{""labels"": [""<=50K"", "">50K""], ""matrix"": [[32722, 4433], [7069, 4618]]}"
h-k5-mp-NR,heom,5,modified_plurality,RetentionPolicy.NEVER_RETAIN,10,43957.8,4884.2,0.0093292399978963,0.0005855975936614,10.249408300002688,0.0576492883139296,10.258737540000585,0.0576117148557409,0.7786334026270243,0.0058288014219235,0.6888525675576693,0.0115703912365034,0.6293116256266184,0.0054228451928859,0.6443504931295193,0.0067325210858625,0.7550721190419265,0.0066028563057,0.7786334026270243,0.0058288014219235,0.7582992184769305,0.0052554818688611,"{""labels"": [""<=50K"", "">50K""], ""matrix"": [[34022, 3133], [7679, 4008]]}"
h-k7-mp-NR,heom,7,modified_plurality,RetentionPolicy.NEVER_RETAIN,10,43957.8,4884.2,0.0093019500025548,0.0006796917584704,10.212731040001382,0.0698897758917941,10.222032990003935,0.0700823119207538,0.7865772915148079,0.0035266617004924,0.7087827189884385,0.0085702935578245,0.6236229407163366,0.0038243240860442,0.6402987050266955,0.0047081491642658,0.7626232608923693,0.0046678276045443,0.7865772915148079,0.0035266617004924,0.7599044652839869,0.0032921630783335,"{""labels"": [""<=50K"", "">50K""], ""matrix"": [[34782, 2373], [8051, 3636]]}"
e-k3-mp-DC,euclidean,3,modified_plurality,RetentionPolicy.DIFFERENT_CLASS_RETENTION,10,43957.8,4884.2,0.1123526099952869,0.0031500635037986,88.66509893999901,0.1330683235774892,88.7774515499943,0.1335011028626333,0.7640558669656666,0.0054488250046948,0.6662734724268403,0.0083536588549592,0.6399646130734372,0.0062416298012092,0.6495173604665267,0.0069305817568413,0.748281296825973,0.0053872968896399,0.7640558669656666,0.0054488250046948,0.7539892708178091,0.0051975755214798,"{""labels"": [""<=50K"", "">50K""], ""matrix"": [[32620, 4535], [6989, 4698]]}"
e-k5-mp-DC,euclidean,5,modified_plurality,RetentionPolicy.DIFFERENT_CLASS_RETENTION,10,43957.8,4884.2,0.1129593199992086,0.0041444343412854,88.37655729000107,0.2144516441346312,88.48951661000028,0.2152311722572007,0.7781214977718702,0.0055291381599799,0.6877183670978592,0.0108347538410176,0.6307345580605712,0.0054311696727759,0.6455960146619542,0.0066594475128758,0.7549478478191428,0.0062748266001566,0.7781214977718702,0.0055291381599799,0.758599067186303,0.0051011778430955,"{""labels"": [""<=50K"", "">50K""], ""matrix"": [[33937, 3218], [7619, 4068]]}"
e-k7-mp-DC,euclidean,7,modified_plurality,RetentionPolicy.DIFFERENT_CLASS_RETENTION,10,43957.8,4884.2,0.1115501099964603,0.0039322272573244,88.32851923000126,0.1621345739094421,88.44006933999772,0.1620575837308845,0.7857788830911131,0.0038413186318023,0.7062083174546091,0.0091315863870669,0.6248577512686992,0.0040591786876188,0.6414605070781688,0.0049966404677511,0.7617588048878051,0.0050177234510449,0.7857788830911131,0.0038413186318023,0.7600700959863314,0.003570642195235,"{""labels"": [""<=50K"", "">50K""], ""matrix"": [[34683, 2472], [7991, 3696]]}"
c-k3-mp-DC,cosine,3,modified_plurality,RetentionPolicy.DIFFERENT_CLASS_RETENTION,10,43957.8,4884.2,0.1120142700005089,0.0042218438519143,82.7329584000021,0.5452924907211898,82.8449726700026,0.5454056823663577,0.7802711737754396,0.0054574068660693,0.6935229834529517,0.0084744190594663,0.6699163580610943,0.008237504523361,0.6793445397555946,0.0082524367344038,0.7688762376035573,0.0059206872019279,0.7802711737754396,0.0054574068660693,0.7731441687223795,0.0056461384074371,"{""labels"": [""<=50K"", "">50K""], ""matrix"": [[32754, 4401], [6331, 5356]]}"
c-k5-mp-DC,cosine,5,modified_plurality,RetentionPolicy.DIFFERENT_CLASS_RETENTION,10,43957.8,4884.2,0.1106904000072972,0.0023009517186245,82.33172700999421,0.3319779130569873,82.44241741000151,0.3306719151871198,0.7921462247009636,0.0040655600004576,0.7125154480023369,0.0069116792122038,0.6681914511711515,0.0063050582069443,0.6833312015127222,0.0064713809040959,0.7763361029585097,0.0045920683704214,0.7921462247009636,0.0040655600004576,0.7801215643503994,0.0043050717055663,"{""labels"": [""<=50K"", "">50K""], ""matrix"": [[33659, 3496], [6656, 5031]]}"
c-k7-mp-DC,cosine,7,modified_plurality,RetentionPolicy.DIFFERENT_CLASS_RETENTION,10,43957.8,4884.2,0.1115995500062126,0.005510431180837,82.51845847999502,0.3913979605364343,82.63005803000124,0.3948281523428485,0.7970192041990887,0.0042819194042761,0.7227498570024402,0.0078023346178385,0.6643871496640867,0.0063756927002983,0.6823495302623476,0.0069785346587643,0.7796960922821927,0.0051232205186549,0.7970192041990887,0.0042819194042761,0.7818654052199336,0.0046836077965188,"{""labels"": [""<=50K"", "">50K""], ""matrix"": [[34136, 3019], [6895, 4792]]}"
h-k3-mp-DC,heom,3,modified_plurality,RetentionPolicy.DIFFERENT_CLASS_RETENTION,10,43957.8,4884.2,0.0098991799983195,0.0005957461357989,11.213953390001551,0.048001967426567,11.223852569999872,0.047835927027124,0.7636463917046049,0.0052749029810481,0.6655365810786569,0.0080618415608345,0.6391087085232143,0.0059930102832212,0.6486615211492024,0.0066452837611092,0.7477124184535016,0.0051724226283777,0.7636463917046049,0.0052749029810481,0.7534641715557482,0.0049906602827026,"{""labels"": [""<=50K"", "">50K""], ""matrix"": [[32620, 4535], [7009, 4678]]}"
h-k5-mp-DC,heom,5,modified_plurality,RetentionPolicy.DIFFERENT_CLASS_RETENTION,10,43957.8,4884.2,0.0097529899969231,0.0004963444869156,11.181758910007192,0.0527607782890481,11.191511900004116,0.0528867644120777,0.7778758101003892,0.0055520078819776,0.6872336519790332,0.0108745374458618,0.6303969659099671,0.0054984451665062,0.6452028642826279,0.0067235936574838,0.7546406645104731,0.0063060350364284,0.7778758101003892,0.0055520078819776,0.7583314895778355,0.0051336235735268,"{""labels"": [""<=50K"", "">50K""], ""matrix"": [[33931, 3224], [7625, 4062]]}"
h-k7-mp-DC,heom,7,modified_plurality,RetentionPolicy.DIFFERENT_CLASS_RETENTION,10,43957.8,4884.2,0.0095781000010902,0.0005160076853685,11.147252420004223,0.0516435971970954,11.156830520005316,0.0519092559086181,0.7857379582020352,0.0038478663214355,0.7061554441047871,0.0091262648754433,0.6246842555708508,0.0040616309637301,0.6412662674023608,0.0049970775420116,0.7616906724663612,0.0050126034653603,0.7857379582020352,0.0038478663214355,0.7599708344263018,0.0035706077247106,"{""labels"": [""<=50K"", "">50K""], ""matrix"": [[34686, 2469], [7996, 3691]]}"
e-k3-mp-DD,euclidean,3,modified_plurality,RetentionPolicy.DD_RETENTION,10,43957.8,4884.2,0.1112941100087482,0.0036710047117664,90.31756132999436,0.1633926558035428,90.4288554400031,0.1618688879586761,0.7655301061985776,0.0055722718494831,0.6682144241543804,0.0087174068749519,0.6400247686835039,0.006705300995402,0.6500690096840668,0.0073843355440158,0.749114267730984,0.0056826355825802,0.7655301061985776,0.0055722718494831,0.7548782970905121,0.0054310151110181,"{""labels"": [""<=50K"", "">50K""], ""matrix"": [[32723, 4432], [7020, 4667]]}"
e-k5-mp-DD,euclidean,5,modified_plurality,RetentionPolicy.DD_RETENTION,10,43957.8,4884.2,0.1120855699904495,0.0045709816324573,88.68736264000763,0.1455243017158667,88.79944820999808,0.1442931697908445,0.7786948444643755,0.0051040204932586,0.6888488440825037,0.0101649578087684,0.6304080151130707,0.0050549885063797,0.6454275797637551,0.0062013945220503,0.7553632724279683,0.0058844933730199,0.7786948444643755,0.0051040204932586,0.7587734999008202,0.0047345946186634,"{""labels"": [""<=50K"", "">50K""], ""matrix"": [[33989, 3166], [7643, 4044]]}"
e-k7-mp-DD,euclidean,7,modified_plurality,RetentionPolicy.DD_RETENTION,10,43957.8,4884.2,0.1118011100013973,0.003703548301948,89.80220029999619,0.1502482594839991,89.91400140999758,0.1503410653743298,0.7863316290054996,0.0031786439459728,0.7076397101743167,0.0075661834243815,0.6247816325578422,0.0037458607000504,0.6414930570496644,0.0045576899795927,0.7623917837038559,0.0042286532977139,0.7863316290054996,0.0031786439459728,0.7603116753987318,0.0031246712478283,"{""labels"": [""<=50K"", "">50K""], ""matrix"": [[34725, 2430], [8006, 3681]]}"
c-k3-mp-DD,cosine,3,modified_plurality,RetentionPolicy.DD_RETENTION,10,43957.8,4884.2,0.1111238600045908,0.0034096304634408,83.83976294000168,0.391383889411638,83.95088680000626,0.3931672295571334,0.7810082451984465,0.0055642141839512,0.6945248483061018,0.008782878383951,0.6697853183643099,0.0085178364112072,0.6795825529236189,0.0085850712427734,0.7692440079325842,0.0061600598681479,0.7810082451984465,0.0055642141839512,0.7735798304106984,0.0058445344074054,"{""labels"": [""<=50K"", "">50K""], ""matrix"": [[32811, 4344], [6352, 5335]]}"
c-k5-mp-DD,cosine,5,modified_plurality,RetentionPolicy.DD_RETENTION,10,43957.8,4884.2,0.1070828500087373,0.0044464021952734,82.7672525199916,0.4369790053692558,82.87433537000034,0.440022243255879,0.7922281708969183,0.0034027689197174,0.7128115933904395,0.0058698455771062,0.667013412864347,0.0051652107334463,0.6824307176219075,0.0051334915078908,0.7761237764213513,0.0036501185980654,0.7922281708969183,0.0034027689197174,0.7797940367986679,0.0033946645305879,"{""labels"": [""<=50K"", "">50K""], ""matrix"": [[33705, 3450], [6698, 4989]]}"
c-k7-mp-DD,cosine,7,modified_plurality,RetentionPolicy.DD_RETENTION,10,43957.8,4884.2,0.1109367500001099,0.0044724285199588,83.70705881000322,0.5386061973784076,83.81799556000333,0.5391634775123444,0.7978381966404269,0.00437282807959,0.7247242402407437,0.0081247324936812,0.6637523259353284,0.0062781310844968,0.6821607400999181,0.006934472742443,0.7803892585501058,0.0052049069851003,0.7978381966404269,0.00437282807959,0.7821421707395841,0.0046935549915529,"{""labels"": [""<=50K"", "">50K""], ""matrix"": [[34216, 2939], [6935, 4752]]}"
h-k3-mp-DD,heom,3,modified_plurality,RetentionPolicy.DD_RETENTION,10,43957.8,4884.2,0.0106147400103509,0.0024150167554619,11.807655829994474,0.0740179015113887,11.818270570004824,0.0747521222415623,0.7654072518808875,0.00528147745388,0.6679623320024816,0.0082471136083709,0.639650818682792,0.0063517189342934,0.6497112048084849,0.0069735399522778,0.7488953341147264,0.0053711600665858,0.7654072518808875,0.00528147745388,0.7546806002036692,0.0051304732531505,"{""labels"": [""<=50K"", "">50K""], ""matrix"": [[32727, 4428], [7030, 4657]]}"
h-k5-mp-DD,heom,5,modified_plurality,RetentionPolicy.DD_RETENTION,10,43957.8,4884.2,0.0096699800022179,0.0004281954327409,11.064727359998503,0.1198180199952399,11.074397340000724,0.1196913736971074,0.7785924819396531,0.0051320943350275,0.6886495605164035,0.0102128405235576,0.6302527200403284,0.00503283482422,0.6452506452644343,0.0061889138885318,0.7552324867929492,0.0059032229104666,0.7785924819396531,0.0051320943350275,0.7586565990743745,0.0047438566906197,"{""labels"": [""<=50K"", "">50K""], ""matrix"": [[33987, 3168], [7646, 4041]]}"
h-k7-mp-DD,heom,7,modified_plurality,RetentionPolicy.DD_RETENTION,10,43957.8,4884.2,0.0092620599927613,0.0009512026803762,11.519527510003536,0.081469582127726,11.528789569996295,0.0819025649240741,0.7863316499659652,0.0032009031241037,0.7076695536845972,0.007612227281771,0.6246937568576443,0.0037440655976864,0.6413996976839437,0.0045649620773677,0.7623830612159864,0.004256596001913,0.7863316499659652,0.0032009031241037,0.7602720582786378,0.0031415963462793,"{""labels"": [""<=50K"", "">50K""], ""matrix"": [[34728, 2427], [8009, 3678]]}"
e-k3-b-AR,euclidean,3,borda,RetentionPolicy.ALWAYS_RETAIN,10,43957.8,4884.2,0.1123708400002215,0.0048030449503583,93.72436623999964,0.1748820795974642,93.83673707999988,0.1740137763613121,0.7426600948811054,0.0055784650599591,0.6496546812325192,0.0068880428885934,0.6539351317747334,0.006946470679143,0.6516398351200089,0.0068366278508362,0.7465103590175126,0.004971270688202,0.7426600948811054,0.0055784650599591,0.7444855734386597,0.0052058752213602,"{""labels"": [""<=50K"", "">50K""], ""matrix"": [[30619, 6536], [6033, 5654]]}"
e-k5-b-AR,euclidean,5,borda,RetentionPolicy.ALWAYS_RETAIN,10,43957.8,4884.2,0.1106827499956125,0.0051494682854044,93.50109760000488,0.4644311371921592,93.61178035000049,0.4595578759937087,0.7703616912962834,0.0034534973966425,0.675632361409755,0.0057204424668085,0.6439620284497646,0.0053021517456523,0.6550211489285752,0.0055127402534013,0.7534321718124823,0.0039450495018346,0.7703616912962834,0.0034534973966425,0.7590325097829261,0.0036908868035207,"{""labels"": [""<=50K"", "">50K""], ""matrix"": [[32933, 4222], [6994, 4693]]}"
e-k7-b-AR,euclidean,7,borda,RetentionPolicy.ALWAYS_RETAIN,10,43957.8,4884.2,0.1102321399986976,0.0029226805009677,93.66644197000424,0.2253415302674021,93.77667411000292,0.2249784543656331,0.7778553770145795,0.0053594739613864,0.6872216436214654,0.0097532942265168,0.6395036632684252,0.0062394470549877,0.6536972043090507,0.0072741379758855,0.7571423000654873,0.0059926339131257,0.7778553770145795,0.0053594739613864,0.7618183525503188,0.0052806039051719,"{""labels"": [""<=50K"", "">50K""], ""matrix"": [[33619, 3536], [7314, 4373]]}"
c-k3-b-AR,cosine,3,borda,RetentionPolicy.ALWAYS_RETAIN,10,43957.8,4884.2,0.1086093200079631,0.0069203250547454,87.2921074599988,0.2808728179246223,87.40071678000677,0.2813072139881897,0.75545650917267,0.0044386181134025,0.6667781084725155,0.0060997121265595,0.6717592876579994,0.0070751774261354,0.6691050021844365,0.0064663166986532,0.7592384074069227,0.0047509699656044,0.75545650917267,0.0044386181134025,0.7572433902560495,0.0045052750070532,"{""labels"": [""<=50K"", "">50K""], ""matrix"": [[30923, 6232], [5712, 5975]]}"
c-k5-b-AR,cosine,5,borda,RetentionPolicy.ALWAYS_RETAIN,10,43957.8,4884.2,0.1085965499922167,0.0098310435576903,87.09795275000215,0.3619413020733328,87.20654929999436,0.3695153585683601,0.7846525263741134,0.0051005048890479,0.7002947969162717,0.008033155686394,0.6746723533341812,0.0075960361448207,0.6848298496017541,0.0075693671554252,0.7731541906366877,0.0054747439792883,0.7846525263741134,0.0051005048890479,0.7773134449705142,0.0051925488288676,"{""labels"": [""<=50K"", "">50K""], ""matrix"": [[32904, 4251], [6267, 5420]]}"
c-k7-b-AR,cosine,7,borda,RetentionPolicy.ALWAYS_RETAIN,10,43957.8,4884.2,0.1094862099998863,0.0045801476728196,87.1229183599964,0.253707364642769,87.23240456999629,0.2543277658291091,0.7911838232847381,0.0043139813359358,0.7105835937338657,0.0072573731535117,0.6721621405708814,0.0070606360841083,0.6859705733977945,0.0070558052154302,0.776685564492641,0.0049272874652974,0.7911838232847381,0.0043139813359358,0.7807471305488054,0.0046242675107521,"{""labels"": [""<=50K"", "">50K""], ""matrix"": [[33455, 3700], [6499, 5188]]}"
h-k3-b-AR,heom,3,borda,RetentionPolicy.ALWAYS_RETAIN,10,43957.8,4884.2,0.0101406300003873,0.0004822639905469,12.65011732999992,0.0937630172588977,12.660257960000308,0.0937380812798925,0.742271090443962,0.0057538569527005,0.6489633974924629,0.0070853852143772,0.6529757282200633,0.0070934144619059,0.6508266210741647,0.0070112691233624,0.7459061349991857,0.0050950309800323,0.742271090443962,0.0057538569527005,0.7439967242040703,0.0053556350543055,"{""labels"": [""<=50K"", "">50K""], ""matrix"": [[30624, 6531], [6057, 5630]]}"
h-k5-b-AR,heom,5,borda,RetentionPolicy.ALWAYS_RETAIN,10,43957.8,4884.2,0.0102893499977653,0.0015716982423922,12.655232029999024,0.0864981259033374,12.66552137999679,0.0875150421274847,0.7700955369905738,0.0032608156693523,0.6751304008340508,0.0054092410567473,0.6432591448848706,0.0050145281835673,0.6543382007883197,0.0051990014531718,0.7530096736450872,0.0037115205234995,0.7700955369905738,0.0032608156693523,0.7586402959601163,0.0034662014576325,"{""labels"": [""<=50K"", "">50K""], ""matrix"": [[32938, 4217], [7012, 4675]]}"
h-k7-b-AR,heom,7,borda,RetentionPolicy.ALWAYS_RETAIN,10,43957.8,4884.2,0.0099310999998124,0.0007197709133773,12.662284000002549,0.0614394352151986,12.672215100002358,0.0612564648131759,0.7777734811275193,0.0051220959647303,0.6870493576186096,0.0093575580161461,0.6391565909267052,0.0059832281251318,0.6533569257182094,0.0069774805702546,0.7569690124960049,0.005753760032928,0.7777734811275193,0.0051220959647303,0.7616439525903715,0.0050603841901165,"{""labels"": [""<=50K"", "">50K""], ""matrix"": [[33625, 3530], [7324, 4363]]}"
e-k3-b-NR,euclidean,3,borda,RetentionPolicy.NEVER_RETAIN,10,43957.8,4884.2,0.1122691500000655,0.0041424813705314,86.41572296999803,0.2095981857888389,86.52799211999809,0.2116259869470775,0.7414931779926243,0.0067461152750537,0.6482265300186989,0.007951575759678,0.6525527862818365,0.00735306545332,0.6502285283068354,0.0076440883543983,0.7454876334644316,0.005532175311732,0.7414931779926243,0.0067461152750537,0.7433866208498591,0.00612871407773,"{""labels"": [""<=50K"", "">50K""], ""matrix"": [[30583, 6572], [6054, 5633]]}"
e-k5-b-NR,euclidean,5,borda,RetentionPolicy.NEVER_RETAIN,10,43957.8,4884.2,0.111294220003765,0.0039534715017631,86.47845952999486,0.1995137134825679,86.58975374999864,0.2000648907785171,0.7692153039182779,0.0049762279870676,0.6738013458673626,0.007875020549316,0.6423872023352171,0.0057564809465598,0.6533154270770127,0.0063700502320818,0.7521875023548763,0.0049716402995038,0.7692153039182779,0.0049762279870676,0.7578345898863406,0.004708510612144,"{""labels"": [""<=50K"", "">50K""], ""matrix"": [[32905, 4250], [7022, 4665]]}"
e-k7-b-NR,euclidean,7,borda,RetentionPolicy.NEVER_RETAIN,10,43957.8,4884.2,0.111560270001064,0.0027090014551049,86.67603044000279,0.1356526994643384,86.78759071000385,0.1358885290338944,0.777589293952479,0.0064073204824841,0.6868076673214614,0.0116715841082246,0.6385077453210941,0.0068566351248875,0.6527246460334968,0.0081523807160942,0.7566836961225757,0.0070014964711629,0.777589293952479,0.0064073204824841,0.761303665517596,0.006090246765347,"{""labels"": [""<=50K"", "">50K""], ""matrix"": [[33634, 3521], [7342, 4345]]}"
c-k3-b-NR,cosine,3,borda,RetentionPolicy.NEVER_RETAIN,10,43957.8,4884.2,0.11292183000769,0.0039302832743942,80.50916353999928,0.3238212184042975,80.62208537000697,0.3244591296977283,0.7544326701053494,0.0041208202140951,0.6655031902765857,0.0057082038377146,0.6706168544966438,0.0067692041395107,0.6678883633705136,0.0061206235020917,0.75836057521164,0.004491207515439,0.7544326701053494,0.0041208202140951,0.7562873858427877,0.0042144095461107,"{""labels"": [""<=50K"", "">50K""], ""matrix"": [[30889, 6266], [5728, 5959]]}"
c-k5-b-NR,cosine,5,borda,RetentionPolicy.NEVER_RETAIN,10,43957.8,4884.2,0.1094146200019167,0.0060047865178669,80.25011296999874,0.3460111099586279,80.35952759000065,0.34880718800407,0.7838745594224747,0.0052444610268648,0.6991067859173848,0.008123600687869,0.6736041193649277,0.0069761703781316,0.6837044490708382,0.0071598198359785,0.7723302658912796,0.0053129398357514,0.7838745594224747,0.0052444610268648,0.7765137338648438,0.0051013342941082,"{""labels"": [""<=50K"", "">50K""], ""matrix"": [[32885, 4270], [6286, 5401]]}"
c-k7-b-NR,cosine,7,borda,RetentionPolicy.NEVER_RETAIN,10,43957.8,4884.2,0.1104421299998648,0.0015451934285417,80.51484366999648,0.4538056897737375,80.62528579999635,0.4540600510400188,0.7903442761810522,0.004879210129857,0.7091331189972968,0.0082053892769701,0.6710529693171361,0.0080911710114417,0.684738119358342,0.0081904673057143,0.7757374083148721,0.0057148426185674,0.7903442761810522,0.004879210129857,0.7798784782204304,0.0053678703965008,"{""labels"": [""<=50K"", "">50K""], ""matrix"": [[33433, 3722], [6518, 5169]]}"
h-k3-b-NR,heom,3,borda,RetentionPolicy.NEVER_RETAIN,10,43957.8,4884.2,0.010384829994291,0.001678695411475,10.013360460006515,0.0472504071382355,10.023745290000807,0.0465902901623681,0.7412269566038108,0.0070913324582007,0.6476782232141434,0.008519714069412,0.651732528048397,0.0080547964283399,0.6495583665335972,0.0082678061939552,0.7449857683722582,0.0059929320385539,0.7412269566038108,0.0070913324582007,0.7430117087694477,0.0065208806120132,"{""labels"": [""<=50K"", "">50K""], ""matrix"": [[30592, 6563], [6076, 5611]]}"
h-k5-b-NR,heom,5,borda,RetentionPolicy.NEVER_RETAIN,10,43957.8,4884.2,0.0092834300041431,0.0003917056388331,10.01226005999779,0.0486252197053145,10.021543490001932,0.0487361158227034,0.7688672159908329,0.0047372403523484,0.6731705180144865,0.0074870695377884,0.6416892036394205,0.0054439781176381,0.6526067579096383,0.0060292681858296,0.7517112155453207,0.0047147019596151,0.7688672159908329,0.0047372403523484,0.7573954720779614,0.0044640400494518,"{""labels"": [""<=50K"", "">50K""], ""matrix"": [[32904, 4251], [7038, 4649]]}"
h-k7-b-NR,heom,7,borda,RetentionPolicy.NEVER_RETAIN,10,43957.8,4884.2,0.0094872699992265,0.0006947793038546,10.059395730000688,0.0520851474432759,10.068882999999914,0.0517852242642052,0.7773640477685049,0.0059920574803332,0.6863622840595148,0.0109808706088302,0.6378024123407655,0.0063670291640346,0.6520078567308126,0.0075733894822498,0.7562911370591213,0.0065508735311182,0.7773640477685049,0.0059920574803332,0.7609126893533703,0.0056650891344224,"{""labels"": [""<=50K"", "">50K""], ""matrix"": [[33642, 3513], [7361, 4326]]}"
e-k3-b-DC,euclidean,3,borda,RetentionPolicy.DIFFERENT_CLASS_RETENTION,10,43957.8,4884.2,0.1149658799986355,0.0039967900724548,88.60322220999805,0.183286911972681,88.71818808999669,0.1819030961886355,0.7419025149252564,0.0058441352301203,0.6490442659742179,0.0071661588236332,0.6538476881244822,0.0071934135547077,0.6512577662318898,0.0071108763178277,0.746264786593393,0.0051625584583863,0.7419025149252564,0.0058441352301203,0.743962554939271,0.0054435811844932,"{""labels"": [""<=50K"", "">50K""], ""matrix"": [[30568, 6587], [6019, 5668]]}"
e-k5-b-DC,euclidean,5,borda,RetentionPolicy.DIFFERENT_CLASS_RETENTION,10,43957.8,4884.2,0.1132288700027857,0.003202238056347,88.35783117999672,0.1362445301863882,88.47106004999951,0.1368114723984079,0.7695222825227441,0.0036020194025789,0.6744856133168402,0.0058699854215429,0.6441139040677989,0.0052628927972614,0.6548509770425153,0.0054832009594763,0.7529935729251129,0.0039646405305221,0.7695222825227441,0.0036020194025789,0.7585852244885877,0.0037214481279891,"{""labels"": [""<=50K"", "">50K""], ""matrix"": [[32868, 4287], [6970, 4717]]}"
e-k7-b-DC,euclidean,7,borda,RetentionPolicy.DIFFERENT_CLASS_RETENTION,10,43957.8,4884.2,0.111192660004599,0.0039422526119094,88.26500696999719,0.166594283824568,88.37619963000179,0.1665432331290683,0.7770772926829597,0.005357321585429,0.6858497623125137,0.0096571256325288,0.6394906732630969,0.0061767182103526,0.6534364357975517,0.0071835288593753,0.7565385564127592,0.0059239578270991,0.7770772926829597,0.005357321585429,0.7613725088159509,0.0052384981412656,"{""labels"": [""<=50K"", "">50K""], ""matrix"": [[33564, 3591], [7297, 4390]]}"
c-k3-b-DC,cosine,3,borda,RetentionPolicy.DIFFERENT_CLASS_RETENTION,10,43957.8,4884.2,0.1108299799961969,0.0044192945779867,82.06169483000413,0.2762099071693687,82.17252481000033,0.2791861847898977,0.7544941664241175,0.0040706388610068,0.6658591750454568,0.0054635847682082,0.6714495506994531,0.0062082630733618,0.6684573037700049,0.0057283631216964,0.7588000498978535,0.0042039713017769,0.7544941664241175,0.0040706388610068,0.7565216700766231,0.0040588453756144,"{""labels"": [""<=50K"", "">50K""], ""matrix"": [[30865, 6290], [5701, 5986]]}"
c-k5-b-DC,cosine,5,borda,RetentionPolicy.DIFFERENT_CLASS_RETENTION,10,43957.8,4884.2,0.0906562199961626,0.0239088356310154,64.84055403000676,17.13134860388905,64.93121025000292,17.15050784305067,0.7838540215137357,0.0054508675152603,0.6991283528701372,0.008498386098324,0.6745288366656194,0.007716429999424,0.6843614041478323,0.007834181620138,0.7726289714424863,0.0057364722685645,0.7838540215137357,0.0054508675152603,0.7767610947693865,0.0054771219429216,"{""labels"": [""<=50K"", "">50K""], ""matrix"": [[32852, 4303], [6254, 5433]]}"
c-k7-b-DC,cosine,7,borda,RetentionPolicy.DIFFERENT_CLASS_RETENTION,10,43957.8,4884.2,0.0650311799981864,0.0012155065466595,47.68270957000205,0.0965846962539239,47.74774075000023,0.096026232848627,0.7906105226994202,0.0046305160688919,0.7095964614196266,0.0077107322816418,0.6722253637363231,0.007225439156363,0.6857639359276779,0.0073376615803848,0.7762847153429642,0.0052123027673171,0.7906105226994202,0.0046305160688919,0.7804067233415765,0.0048995884342721,"{""labels"": [""<=50K"", "">50K""], ""matrix"": [[33412, 3743], [6484, 5203]]}"
h-k3-b-DC,heom,3,borda,RetentionPolicy.DIFFERENT_CLASS_RETENTION,10,43957.8,4884.2,0.006645220000064,0.000303369285068,7.07682326999784,0.0497658255894066,7.083468489997904,0.0499075655315769,0.74165679790878,0.0059191781666432,0.6485028270521292,0.0073824018363913,0.6530117294504545,0.0075771016334942,0.6505860423215394,0.0073993322245117,0.7457589736603405,0.0053813626481038,0.74165679790878,0.0059191781666432,0.7435977471942075,0.0055784308047137,"{""labels"": [""<=50K"", "">50K""], ""matrix"": [[30579, 6576], [6042, 5645]]}"
h-k5-b-DC,heom,5,borda,RetentionPolicy.DIFFERENT_CLASS_RETENTION,10,43957.8,4884.2,0.0066610999958356,0.000220045940606,7.127576750004664,0.0351019016215947,7.1342378500005,0.0351746633114391,0.7690309113660385,0.0036123240753686,0.6736349045935791,0.00588124201173,0.6432631549604929,0.0052089715469601,0.653969884041735,0.0054545240668837,0.7523780985763547,0.0039622414861588,0.7690309113660385,0.0036123240753686,0.7580128919355252,0.0037203413336864,"{""labels"": [""<=50K"", "">50K""], ""matrix"": [[32862, 4293], [6988, 4699]]}"
h-k7-b-DC,heom,7,borda,RetentionPolicy.DIFFERENT_CLASS_RETENTION,10,43957.8,4884.2,0.0065193000016734,0.0001187467520389,7.086146879996522,0.0384564680984449,7.092666179998195,0.0384922405069741,0.7770977551292153,0.0050867370088696,0.6858638862672121,0.009200227917504,0.6392988996160108,0.0058770346626078,0.6532694248062006,0.0068341362323708,0.7564903578113117,0.0056437986726301,0.7770977551292153,0.0050867370088696,0.7613135406518803,0.004980941728206,"{""labels"": [""<=50K"", "">50K""], ""matrix"": [[33572, 3583], [7304, 4383]]}"
e-k3-b-DD,euclidean,3,borda,RetentionPolicy.DD_RETENTION,10,43957.8,4884.2,0.0638176699983887,0.0014594727232047,52.06380737000436,0.2280406366520972,52.12762504000275,0.2276489125886225,0.744175250603114,0.0060198722816971,0.6507474484802016,0.007294982932593,0.6536706334556576,0.0068799672412113,0.652118905568337,0.0070221918691333,0.7467947148436748,0.0051116502079372,0.744175250603114,0.0060198722816971,0.7454271747148793,0.005515184042126,"{""labels"": [""<=50K"", "">50K""], ""matrix"": [[30736, 6419], [6076, 5611]]}"
e-k5-b-DD,euclidean,5,borda,RetentionPolicy.DD_RETENTION,10,43957.8,4884.2,0.0623622499988414,0.0006089485539159,51.40292488000123,0.1518155292000557,51.46528713000007,0.1520582557274173,0.7712421716735767,0.0039716210874258,0.676838318414026,0.0065112970897408,0.6433680827908258,0.0052462835134213,0.6548409289131565,0.0056730300407134,0.7537672332621004,0.0042782347759527,0.7712421716735767,0.0039716210874258,0.75935661075664,0.0040022634493874,"{""labels"": [""<=50K"", "">50K""], ""matrix"": [[33016, 4139], [7034, 4653]]}"
e-k7-b-DD,euclidean,7,borda,RetentionPolicy.DD_RETENTION,10,43957.8,4884.2,0.0636656799993943,0.001802578256158,51.93068747999787,0.2408001359900102,51.99435315999726,0.2401463114879122,0.7785719985466658,0.005155406888244,0.6885314773743114,0.0095017295151359,0.6396229679764518,0.0057319708331756,0.654036456825255,0.0067715155758987,0.757750196759282,0.0057481732907516,0.7785719985466658,0.005155406888244,0.7622686562688235,0.0049917474339311,"{""labels"": [""<=50K"", "">50K""], ""matrix"": [[33666, 3489], [7326, 4361]]}"
c-k3-b-DD,cosine,3,borda,RetentionPolicy.DD_RETENTION,10,43957.8,4884.2,0.0614134599978569,0.0013149181926299,48.15842752000026,0.1294191357189762,48.21984097999812,0.1294019097792145,0.7558249715182515,0.0041174783809922,0.6669411144751443,0.0057516414693192,0.6713271281301667,0.0068419923345872,0.6690007380490339,0.0061719693462979,0.7591320451086572,0.0045384259454269,0.7558249715182515,0.0041174783809922,0.7573937792468186,0.00423213153474,"{""labels"": [""<=50K"", "">50K""], ""matrix"": [[30964, 6191], [5735, 5952]]}"
c-k5-b-DD,cosine,5,borda,RetentionPolicy.DD_RETENTION,10,43957.8,4884.2,0.061396459993557,0.0016381608021497,47.71580990999937,0.1961608145486955,47.777206369992925,0.1977579338085759,0.7846730433172364,0.0049343325414921,0.7002725508656449,0.0078207767966676,0.6741873217904161,0.007739464668604,0.6844791923111295,0.0076199093167612,0.7729933096255853,0.0054258468974965,0.7846730433172364,0.0049343325414921,0.7771858563762228,0.0051287515108899,"{""labels"": [""<=50K"", "">50K""], ""matrix"": [[32922, 4233], [6284, 5403]]}"
c-k7-b-DD,cosine,7,borda,RetentionPolicy.DD_RETENTION,10,43957.8,4884.2,0.062213740000152,0.0017416081564829,48.10819644999865,0.190360430167577,48.170410189998805,0.1900831186473686,0.7911838526262998,0.0045508940060664,0.7105917465048752,0.00763058529293,0.6721035667170614,0.0072855225396417,0.6859260423228473,0.0073234649243631,0.7766718021111598,0.0051574410862851,0.7911838526262998,0.0045508940060664,0.7807292015249149,0.0048408131721345,"{""labels"": [""<=50K"", "">50K""], ""matrix"": [[33457, 3698], [6501, 5186]]}"
h-k3-b-DD,heom,3,borda,RetentionPolicy.DD_RETENTION,10,43957.8,4884.2,0.0066782899986719,0.0003486883386974,7.4861120599962305,0.0658637719314308,7.492790349994903,0.0657267795156899,0.7435814875663904,0.006428503087143,0.6498054952800597,0.0078149508084351,0.6524886328960495,0.0072807119074246,0.6510651972157584,0.0074930236235614,0.7460192359270282,0.0054514684014244,0.7435814875663904,0.006428503087143,0.7447478336115058,0.005896418923189,"{""labels"": [""<=50K"", "">50K""], ""matrix"": [[30734, 6421], [6103, 5584]]}"
h-k5-b-DD,heom,5,borda,RetentionPolicy.DD_RETENTION,10,43957.8,4884.2,0.0067638600012287,0.0002776804989127,7.41644841999514,0.1715401404165886,7.423212279996369,0.171617007259558,0.7710374550035114,0.0039148354383595,0.6764231121665383,0.006448026625839,0.6426764756500296,0.005165061282525,0.654184918995851,0.0055974787056416,0.7533852677895213,0.0042318773618884,0.7710374550035114,0.0039148354383595,0.759002528864952,0.0039493201883694,"{""labels"": [""<=50K"", "">50K""], ""matrix"": [[33025, 4130], [7053, 4634]]}"
h-k7-b-DD,heom,7,borda,RetentionPolicy.DD_RETENTION,10,43957.8,4884.2,0.0069539400021312,0.0003528998684641,7.515681060001953,0.0747532355130221,7.522635000004084,0.0749538531638581,0.778408181615523,0.0049725188765691,0.6882057569608803,0.0091873534783986,0.6391045787784981,0.0056094656695911,0.6535124712419873,0.0066083795859165,0.7574620345892759,0.0055758878277294,0.778408181615523,0.0049725188765691,0.7619833724054299,0.0048444932795073,"{""labels"": [""<=50K"", "">50K""], ""matrix"": [[33672, 3483], [7340, 4347]]}"
