dataset,split,kernel,n_train,n_test,fit_time_s,predict_time_s,total_time_s,accuracy,precision_macro,recall_macro,f1_macro,precision_weighted,recall_weighted,f1_weighted,confusion_matrix_json
pen-based,0,rbf,9894,1098,1.1669507026672363,0.4318263530731201,1.5987770557403564,0.9954462659380692,0.9954938659117467,0.9953402373859175,0.9953960440337509,0.9954610338679748,0.9954462659380692,0.99543284005093,"[[115, 0, 0, 0, 0, 0, 0, 0, 0, 0], [0, 113, 1, 0, 0, 0, 0, 0, 0, 0], [0, 0, 114, 0, 0, 0, 0, 0, 0, 0], [0, 0, 0, 105, 0, 0, 0, 0, 0, 0], [0, 0, 0, 0, 115, 0, 0, 0, 0, 0], [0, 0, 0, 0, 0, 105, 0, 0, 0, 0], [0, 0, 0, 0, 0, 0, 105, 0, 0, 0], [0, 0, 0, 0, 0, 0, 0, 114, 0, 0], [1, 0, 0, 0, 0, 1, 0, 1, 103, 0], [0, 0, 0, 0, 0, 0, 0, 0, 1, 104]]"
pen-based,0,poly,9894,1098,0.7602791786193848,0.13527941703796387,0.8955585956573486,0.9954462659380692,0.995503023420904,0.9954064406298766,0.9954345778727944,0.995469874450586,0.9954462659380692,0.9954376594497987,"[[115, 0, 0, 0, 0, 0, 0, 0, 0, 0], [0, 112, 1, 0, 1, 0, 0, 0, 0, 0], [0, 0, 114, 0, 0, 0, 0, 0, 0, 0], [0, 0, 0, 105, 0, 0, 0, 0, 0, 0], [0, 0, 0, 0, 115, 0, 0, 0, 0, 0], [0, 0, 0, 0, 0, 105, 0, 0, 0, 0], [0, 0, 0, 0, 0, 0, 105, 0, 0, 0], [0, 0, 0, 0, 0, 0, 0, 114, 0, 0], [0, 0, 0, 0, 0, 1, 0, 1, 104, 0], [0, 0, 0, 0, 0, 0, 0, 0, 1, 104]]"
pen-based,1,rbf,9893,1099,0.7320683002471924,0.37346315383911133,1.1055314540863037,0.9945404913557779,0.9947771800656107,0.9945189059605536,0.9946006055798524,0.9946503654503516,0.9945404913557779,0.9945473001790228,"[[114, 1, 0, 0, 0, 0, 0, 0, 0, 0], [0, 114, 0, 0, 0, 0, 0, 0, 0, 0], [0, 2, 112, 0, 0, 0, 0, 0, 0, 0], [0, 0, 0, 103, 0, 0, 0, 1, 0, 1], [0, 0, 0, 0, 115, 0, 0, 0, 0, 0], [0, 0, 0, 0, 0, 105, 0, 0, 0, 0], [0, 0, 0, 0, 0, 0, 106, 0, 0, 0], [0, 0, 0, 0, 0, 0, 0, 114, 0, 0], [0, 0, 0, 0, 0, 0, 0, 1, 104, 0], [0, 0, 0, 0, 0, 0, 0, 0, 0, 106]]"
pen-based,1,poly,9893,1099,0.7738296985626221,0.07990884780883789,0.85373854637146,0.9954504094631483,0.9955283211859068,0.9954037267080746,0.9954369665360622,0.9955067863216118,0.9954504094631483,0.9954497011856543,"[[114, 1, 0, 0, 0, 0, 0, 0, 0, 0], [0, 114, 0, 0, 0, 0, 0, 0, 0, 0], [0, 0, 114, 0, 0, 0, 0, 0, 0, 0], [0, 0, 0, 103, 0, 0, 0, 1, 0, 1], [0, 0, 0, 0, 114, 1, 0, 0, 0, 0], [0, 0, 0, 0, 0, 105, 0, 0, 0, 0], [0, 0, 0, 0, 0, 0, 106, 0, 0, 0], [0, 0, 0, 0, 0, 0, 0, 114, 0, 0], [0, 0, 0, 0, 0, 0, 0, 1, 104, 0], [0, 0, 0, 0, 0, 0, 0, 0, 0, 106]]"
pen-based,2,rbf,9895,1097,0.7160842418670654,0.29848170280456543,1.0145659446716309,0.9954421148587056,0.9954140683949413,0.9955617304129889,0.9954758170011425,0.9954592448923224,0.9954421148587056,0.9954384562214955,"[[113, 0, 0, 0, 0, 0, 0, 0, 1, 0], [0, 113, 0, 1, 1, 0, 0, 0, 0, 0], [0, 1, 114, 0, 0, 0, 0, 0, 0, 0], [0, 0, 0, 104, 0, 1, 0, 0, 0, 0], [0, 0, 0, 0, 114, 0, 0, 0, 0, 0], [0, 0, 0, 0, 0, 105, 0, 0, 0, 0], [0, 0, 0, 0, 0, 0, 105, 0, 0, 0], [0, 0, 0, 0, 0, 0, 0, 114, 0, 0], [0, 0, 0, 0, 0, 0, 0, 0, 105, 0], [0, 0, 0, 0, 0, 0, 0, 0, 0, 105]]"
pen-based,2,poly,9895,1097,0.734473466873169,0.08086609840393066,0.8153395652770996,0.9945305378304466,0.9944793210168861,0.994609349460608,0.9945279071209248,0.9945645459434088,0.9945305378304466,0.9945311587062459,"[[113, 0, 0, 0, 0, 0, 0, 0, 1, 0], [0, 113, 0, 1, 1, 0, 0, 0, 0, 0], [0, 1, 114, 0, 0, 0, 0, 0, 0, 0], [0, 0, 0, 104, 0, 1, 0, 0, 0, 0], [0, 0, 0, 0, 114, 0, 0, 0, 0, 0], [0, 0, 0, 0, 0, 104, 0, 0, 1, 0], [0, 0, 0, 0, 0, 0, 105, 0, 0, 0], [0, 0, 0, 0, 0, 0, 0, 114, 0, 0], [0, 0, 0, 0, 0, 0, 0, 0, 105, 0], [0, 0, 0, 0, 0, 0, 0, 0, 0, 105]]"
pen-based,3,rbf,9892,1100,0.6201350688934326,0.25562620162963867,0.8757612705230713,0.9881818181818182,0.9881555567343165,0.9881862161556476,0.9881505494780045,0.9882243360356477,0.9881818181818182,0.988182852469073,"[[114, 0, 0, 0, 0, 0, 0, 0, 0, 0], [0, 110, 0, 3, 0, 0, 0, 1, 0, 0], [0, 0, 114, 0, 0, 0, 0, 1, 0, 0], [0, 1, 1, 103, 0, 0, 0, 0, 0, 0], [0, 0, 0, 0, 115, 0, 0, 0, 0, 0], [0, 0, 0, 1, 0, 103, 0, 0, 0, 1], [0, 0, 0, 0, 0, 0, 105, 0, 0, 0], [0, 1, 1, 0, 0, 0, 0, 113, 0, 0], [0, 0, 0, 0, 0, 0, 0, 0, 106, 0], [0, 0, 0, 0, 0, 2, 0, 0, 0, 104]]"
pen-based,3,poly,9892,1100,0.6360569000244141,0.07734084129333496,0.713397741317749,0.99,0.9900767996169183,0.989999177599454,0.9900088424271709,0.9900590128530832,0.99,0.9900007234893352,"[[114, 0, 0, 0, 0, 0, 0, 0, 0, 0], [0, 110, 0, 3, 0, 0, 0, 1, 0, 0], [0, 0, 114, 0, 0, 0, 0, 1, 0, 0], [0, 1, 1, 103, 0, 0, 0, 0, 0, 0], [0, 0, 0, 0, 115, 0, 0, 0, 0, 0], [0, 0, 0, 1, 0, 103, 0, 0, 0, 1], [0, 0, 0, 0, 0, 0, 105, 0, 0, 0], [0, 1, 0, 0, 0, 0, 0, 114, 0, 0], [0, 0, 0, 0, 0, 0, 0, 0, 106, 0], [0, 0, 0, 0, 1, 0, 0, 0, 0, 105]]"
pen-based,4,rbf,9894,1098,0.6675639152526855,0.2895646095275879,0.9571285247802734,0.9918032786885246,0.9921250157925827,0.9918606195554514,0.9918775315035566,0.9920536015046836,0.9918032786885246,0.9918098612839111,"[[114, 0, 0, 0, 0, 0, 0, 0, 0, 0], [0, 110, 4, 1, 0, 0, 0, 0, 0, 0], [0, 0, 114, 0, 0, 0, 0, 0, 0, 0], [0, 0, 1, 104, 0, 0, 0, 0, 0, 0], [0, 0, 0, 0, 114, 0, 0, 0, 0, 0], [0, 0, 0, 2, 0, 104, 0, 0, 0, 0], [0, 0, 0, 0, 0, 0, 106, 0, 0, 0], [0, 0, 0, 0, 0, 0, 0, 114, 0, 0], [0, 0, 0, 0, 0, 0, 0, 0, 105, 0], [0, 0, 0, 0, 0, 0, 0, 1, 0, 104]]"
pen-based,4,poly,9894,1098,0.649587869644165,0.09963560104370117,0.7492234706878662,0.9899817850637522,0.9903180621265587,0.9901214891206689,0.9900539442253207,0.9902555934049082,0.9899817850637522,0.9899470149043679,"[[114, 0, 0, 0, 0, 0, 0, 0, 0, 0], [0, 108, 4, 1, 0, 0, 0, 1, 0, 1], [0, 0, 114, 0, 0, 0, 0, 0, 0, 0], [0, 0, 1, 104, 0, 0, 0, 0, 0, 0], [0, 0, 0, 0, 114, 0, 0, 0, 0, 0], [0, 0, 0, 2, 0, 104, 0, 0, 0, 0], [0, 0, 0, 0, 0, 0, 106, 0, 0, 0], [0, 0, 0, 0, 0, 0, 0, 114, 0, 0], [0, 0, 0, 0, 0, 0, 0, 0, 105, 0], [0, 0, 0, 0, 0, 0, 0, 1, 0, 104]]"
pen-based,5,rbf,9894,1098,0.7219302654266357,0.2859947681427002,1.007925033569336,0.9990892531876139,0.9991304347826088,0.9990476190476191,0.999084849877771,0.9990971727251128,0.9990892531876139,0.9990890628976465,"[[114, 0, 0, 0, 0, 0, 0, 0, 0, 0], [0, 114, 0, 0, 0, 0, 0, 0, 0, 0], [0, 0, 114, 0, 0, 0, 0, 0, 0, 0], [0, 0, 0, 105, 0, 0, 0, 0, 0, 0], [0, 0, 0, 0, 114, 0, 0, 0, 0, 0], [0, 0, 0, 0, 0, 105, 0, 0, 0, 0], [0, 0, 0, 0, 0, 0, 108, 0, 0, 0], [0, 0, 0, 0, 0, 0, 0, 114, 0, 0], [0, 0, 0, 0, 0, 0, 0, 0, 105, 0], [0, 0, 0, 0, 0, 0, 0, 1, 0, 104]]"
pen-based,5,poly,9894,1098,0.7231950759887695,0.08288764953613281,0.8060827255249023,0.9981785063752276,0.9981870385561937,0.9980952380952381,0.9981324473289603,0.998195017863787,0.9981785063752276,0.998178295432937,"[[114, 0, 0, 0, 0, 0, 0, 0, 0, 0], [0, 114, 0, 0, 0, 0, 0, 0, 0, 0], [0, 0, 114, 0, 0, 0, 0, 0, 0, 0], [0, 0, 0, 105, 0, 0, 0, 0, 0, 0], [0, 0, 0, 0, 114, 0, 0, 0, 0, 0], [0, 0, 0, 1, 0, 104, 0, 0, 0, 0], [0, 0, 0, 0, 0, 0, 108, 0, 0, 0], [0, 0, 0, 0, 0, 0, 0, 114, 0, 0], [0, 0, 0, 0, 0, 0, 0, 0, 105, 0], [0, 0, 0, 0, 0, 0, 0, 1, 0, 104]]"
pen-based,6,rbf,9890,1102,0.6277902126312256,0.2538573741912842,0.8816475868225098,0.9963702359346642,0.9963346967116411,0.9962912613773975,0.996300421935039,0.9963862118092885,0.9963702359346642,0.9963658152265189,"[[114, 0, 0, 0, 0, 0, 0, 0, 0, 0], [0, 114, 1, 0, 0, 0, 0, 0, 0, 0], [0, 0, 114, 0, 0, 0, 0, 0, 0, 0], [0, 0, 0, 108, 0, 0, 0, 0, 0, 0], [0, 0, 0, 0, 114, 0, 0, 0, 0, 0], [0, 0, 0, 1, 0, 104, 0, 0, 0, 1], [0, 0, 0, 0, 0, 1, 104, 0, 0, 0], [0, 0, 0, 0, 0, 0, 0, 114, 0, 0], [0, 0, 0, 0, 0, 0, 0, 0, 105, 0], [0, 0, 0, 0, 0, 0, 0, 0, 0, 107]]"
pen-based,6,poly,9890,1102,0.6707351207733154,0.12789058685302734,0.7986257076263428,0.9963702359346642,0.9963438447114434,0.9963000781645605,0.9963094048896755,0.9964034133873735,0.9963702359346642,0.9963744161875215,"[[114, 0, 0, 0, 0, 0, 0, 0, 0, 0], [0, 114, 1, 0, 0, 0, 0, 0, 0, 0], [0, 0, 114, 0, 0, 0, 0, 0, 0, 0], [0, 0, 0, 108, 0, 0, 0, 0, 0, 0], [0, 0, 0, 0, 114, 0, 0, 0, 0, 0], [0, 0, 0, 1, 0, 105, 0, 0, 0, 0], [0, 0, 0, 0, 0, 1, 104, 0, 0, 0], [0, 0, 0, 0, 0, 0, 0, 114, 0, 0], [0, 0, 0, 0, 0, 0, 0, 0, 105, 0], [0, 0, 0, 0, 0, 1, 0, 0, 0, 106]]"
pen-based,7,rbf,9892,1100,0.6484096050262451,0.26897764205932617,0.9173872470855713,0.9954545454545455,0.9955990869034348,0.9954064406298766,0.9954832630693863,0.9955014357623054,0.9954545454545455,0.9954580389809508,"[[113, 0, 0, 0, 1, 0, 0, 0, 0, 0], [0, 113, 1, 0, 0, 0, 0, 0, 0, 0], [0, 0, 114, 0, 0, 0, 0, 0, 0, 0], [0, 0, 0, 107, 0, 0, 0, 0, 0, 0], [0, 0, 0, 0, 114, 0, 0, 0, 0, 0], [0, 0, 0, 0, 0, 105, 0, 0, 0, 1], [0, 0, 0, 0, 0, 0, 105, 0, 0, 0], [0, 0, 0, 0, 0, 0, 0, 115, 0, 0], [0, 0, 0, 0, 0, 0, 0, 1, 105, 0], [0, 0, 0, 0, 0, 0, 0, 1, 0, 104]]"
pen-based,7,poly,9892,1100,0.6149256229400635,0.09428882598876953,0.709214448928833,0.99,0.9904166223923256,0.990068094765215,0.9901512699374214,0.9901751721438421,0.99,0.9899935707616894,"[[111, 1, 0, 0, 2, 0, 0, 0, 0, 0], [0, 110, 1, 1, 0, 0, 0, 2, 0, 0], [0, 0, 114, 0, 0, 0, 0, 0, 0, 0], [0, 0, 0, 107, 0, 0, 0, 0, 0, 0], [0, 0, 0, 0, 114, 0, 0, 0, 0, 0], [0, 0, 0, 0, 0, 105, 0, 0, 0, 1], [0, 0, 0, 0, 0, 0, 105, 0, 0, 0], [0, 0, 0, 0, 0, 0, 0, 115, 0, 0], [0, 0, 0, 0, 0, 0, 0, 1, 105, 0], [0, 0, 0, 0, 1, 0, 0, 1, 0, 103]]"
pen-based,8,rbf,9894,1098,0.6215121746063232,0.28313565254211426,0.9046478271484375,0.9954462659380692,0.9955105196727783,0.9955388471177944,0.9954935769905366,0.9954941824891246,0.9954462659380692,0.9954381111870328,"[[113, 0, 0, 0, 0, 0, 1, 0, 0, 0], [0, 111, 0, 1, 0, 0, 0, 2, 0, 0], [0, 0, 115, 0, 0, 0, 0, 0, 0, 0], [0, 0, 0, 104, 1, 0, 0, 0, 0, 0], [0, 0, 0, 0, 114, 0, 0, 0, 0, 0], [0, 0, 0, 0, 0, 106, 0, 0, 0, 0], [0, 0, 0, 0, 0, 0, 105, 0, 0, 0], [0, 0, 0, 0, 0, 0, 0, 114, 0, 0], [0, 0, 0, 0, 0, 0, 0, 0, 106, 0], [0, 0, 0, 0, 0, 0, 0, 0, 0, 105]]"
pen-based,8,poly,9894,1098,0.6540744304656982,0.10167622566223145,0.7557506561279297,0.994535519125683,0.9945759402335259,0.9945292476474205,0.9945200900512015,0.9945919473291907,0.994535519125683,0.9945309837287399,"[[113, 0, 0, 0, 0, 0, 1, 0, 0, 0], [0, 112, 0, 1, 0, 0, 0, 1, 0, 0], [0, 0, 115, 0, 0, 0, 0, 0, 0, 0], [0, 0, 0, 104, 1, 0, 0, 0, 0, 0], [0, 0, 0, 0, 114, 0, 0, 0, 0, 0], [0, 0, 0, 0, 0, 104, 0, 1, 1, 0], [0, 0, 0, 0, 0, 0, 105, 0, 0, 0], [0, 0, 0, 0, 0, 0, 0, 114, 0, 0], [0, 0, 0, 0, 0, 0, 0, 0, 106, 0], [0, 0, 0, 0, 0, 0, 0, 0, 0, 105]]"
pen-based,9,rbf,9890,1102,0.7205009460449219,0.2647714614868164,0.9852724075317383,0.9954627949183303,0.995504212443002,0.9953402373859177,0.9954095382971829,0.9954783469389271,0.9954627949183303,0.9954580982836979,"[[115, 0, 0, 0, 0, 0, 0, 0, 0, 0], [0, 113, 1, 0, 0, 0, 0, 0, 0, 0], [0, 0, 115, 0, 0, 0, 0, 0, 0, 0], [0, 0, 0, 104, 0, 0, 0, 0, 0, 1], [0, 0, 0, 0, 115, 0, 0, 0, 0, 0], [0, 0, 0, 0, 0, 105, 0, 0, 1, 0], [0, 0, 0, 0, 0, 0, 106, 0, 0, 0], [0, 0, 0, 0, 0, 0, 0, 114, 0, 0], [0, 0, 0, 0, 0, 0, 0, 0, 106, 0], [0, 1, 0, 0, 0, 0, 0, 1, 0, 104]]"
pen-based,9,poly,9890,1102,0.6546826362609863,0.09713339805603027,0.7518160343170166,0.9936479128856625,0.993680338498064,0.9935196481770463,0.9935753883721175,0.9936700262394876,0.9936479128856625,0.993634466747159,"[[115, 0, 0, 0, 0, 0, 0, 0, 0, 0], [0, 112, 1, 0, 0, 0, 0, 1, 0, 0], [0, 0, 115, 0, 0, 0, 0, 0, 0, 0], [0, 0, 0, 104, 0, 0, 0, 0, 0, 1], [0, 0, 0, 0, 115, 0, 0, 0, 0, 0], [0, 0, 0, 0, 0, 105, 0, 0, 1, 0], [0, 0, 0, 0, 0, 0, 106, 0, 0, 0], [0, 0, 0, 0, 0, 0, 0, 114, 0, 0], [0, 0, 0, 0, 0, 0, 0, 0, 106, 0], [0, 1, 0, 1, 0, 0, 0, 1, 0, 103]]"
