dataset,metric,k,vote,retention,num_folds,n_train_mean,n_test_mean,fit_time_s_mean,fit_time_s_std,predict_time_s_mean,predict_time_s_std,total_time_s_mean,total_time_s_std,accuracy_mean,accuracy_std,precision_macro_mean,precision_macro_std,recall_macro_mean,recall_macro_std,f1_macro_mean,f1_macro_std,precision_weighted_mean,precision_weighted_std,recall_weighted_mean,recall_weighted_std,f1_weighted_mean,f1_weighted_std,confusion_matrix_json
pen-based,euclidean,3,modified_plurality,RetentionPolicy.ALWAYS_RETAIN,10,9892.8,1099.2,0.001799409996601753,0.00022463243757168806,0.22010496000293642,0.0038568972811104363,0.22190436999953816,0.003862219454437593,0.9938150267330862,0.0018511033472840292,0.9939047639674683,0.0017959898177796084,0.9938028082173263,0.0017834426524829217,0.9938229986843707,0.0017964400931435032,0.9938762769324935,0.0018405703141761932,0.9938150267330862,0.0018511033472840292,0.9938147142768887,0.0018536465171008416,"{""labels"": [""0"", ""1"", ""2"", ""3"", ""4"", ""5"", ""6"", ""7"", ""8"", ""9""], ""matrix"": [[1136, 1, 0, 0, 3, 0, 1, 0, 0, 2], [0, 1128, 10, 4, 1, 0, 0, 0, 0, 0], [0, 1, 1142, 0, 0, 0, 0, 1, 0, 0], [0, 1, 2, 1047, 1, 1, 0, 1, 0, 2], [0, 0, 0, 0, 1142, 1, 0, 0, 0, 1], [0, 0, 0, 5, 0, 1047, 0, 1, 1, 1], [0, 0, 0, 0, 0, 1, 1054, 1, 0, 0], [0, 3, 2, 0, 0, 0, 0, 1134, 1, 2], [1, 0, 0, 0, 0, 1, 0, 3, 1050, 0], [0, 1, 0, 0, 3, 3, 0, 3, 1, 1044]]}"
pen-based,euclidean,5,modified_plurality,RetentionPolicy.ALWAYS_RETAIN,10,9892.8,1099.2,0.0017718699935358017,0.00013569480118621417,0.22104959000716917,0.0029855431015767945,0.22282146000070496,0.00298931958429424,0.9926323771410939,0.001964946369141058,0.9927424764059152,0.0019356447469266276,0.9926448846964652,0.0019460283379315814,0.9926610696676941,0.0019379634304138324,0.9927060853088499,0.001964920776985162,0.9926323771410939,0.001964946369141058,0.9926364312667767,0.0019624028991442645,"{""labels"": [""0"", ""1"", ""2"", ""3"", ""4"", ""5"", ""6"", ""7"", ""8"", ""9""], ""matrix"": [[1136, 1, 0, 0, 3, 0, 1, 0, 0, 2], [0, 1122, 11, 7, 1, 0, 0, 2, 0, 0], [0, 2, 1141, 0, 0, 0, 0, 1, 0, 0], [0, 1, 2, 1047, 1, 1, 0, 1, 0, 2], [0, 0, 0, 0, 1138, 4, 0, 1, 0, 1], [0, 0, 0, 4, 0, 1048, 0, 1, 1, 1], [0, 0, 0, 0, 0, 1, 1054, 1, 0, 0], [0, 5, 1, 1, 0, 0, 0, 1135, 0, 0], [1, 0, 0, 0, 0, 1, 0, 3, 1050, 0], [0, 2, 0, 2, 3, 3, 0, 4, 1, 1040]]}"
pen-based,euclidean,7,modified_plurality,RetentionPolicy.ALWAYS_RETAIN,10,9892.8,1099.2,0.001708719992893748,0.00015557714536735295,0.22084961000073236,0.003946878963891576,0.2225583299936261,0.003970666542018775,0.991903530777509,0.0015440848565082264,0.9920352197258261,0.0015741645979255655,0.9919098929924306,0.0015458052145409366,0.9919363031108233,0.0015531397657944266,0.9919795250107049,0.0015481319796685274,0.991903530777509,0.0015440848565082264,0.9919050591308359,0.0015388686504950236,"{""labels"": [""0"", ""1"", ""2"", ""3"", ""4"", ""5"", ""6"", ""7"", ""8"", ""9""], ""matrix"": [[1136, 1, 0, 0, 3, 0, 1, 0, 0, 2], [0, 1119, 13, 7, 2, 0, 0, 2, 0, 0], [0, 1, 1142, 0, 0, 0, 0, 1, 0, 0], [0, 1, 2, 1047, 1, 1, 0, 1, 0, 2], [0, 0, 0, 0, 1136, 5, 0, 2, 0, 1], [0, 0, 0, 5, 0, 1049, 0, 0, 1, 0], [0, 0, 0, 0, 0, 1, 1054, 1, 0, 0], [0, 4, 2, 0, 0, 0, 0, 1136, 0, 0], [2, 0, 0, 0, 0, 1, 0, 7, 1045, 0], [0, 2, 0, 2, 3, 4, 0, 4, 1, 1039]]}"
pen-based,cosine,3,modified_plurality,RetentionPolicy.ALWAYS_RETAIN,10,9892.8,1099.2,0.0016889899969100952,0.00017424434404314182,0.25074152000597677,0.0038722039277687683,0.25243051000288685,0.003871932426223266,0.9939960187664182,0.0017804115139989267,0.9940496191351638,0.001762693256206821,0.9940013035048656,0.0017441448619535487,0.9939991138321094,0.0017598506681638872,0.9940483276934156,0.00177151568897133,0.9939960187664182,0.0017804115139989267,0.993995882786253,0.001782560998630634,"{""labels"": [""0"", ""1"", ""2"", ""3"", ""4"", ""5"", ""6"", ""7"", ""8"", ""9""], ""matrix"": [[1136, 1, 0, 0, 3, 0, 1, 0, 0, 2], [0, 1129, 9, 4, 1, 0, 0, 0, 0, 0], [0, 2, 1141, 0, 0, 0, 0, 1, 0, 0], [0, 1, 2, 1047, 1, 1, 0, 1, 0, 2], [0, 0, 0, 0, 1141, 1, 0, 0, 0, 2], [0, 0, 0, 5, 0, 1047, 0, 0, 1, 2], [0, 0, 0, 0, 0, 1, 1055, 0, 0, 0], [0, 2, 3, 0, 0, 0, 0, 1133, 2, 2], [1, 0, 0, 0, 0, 1, 0, 2, 1051, 0], [0, 1, 0, 0, 1, 3, 0, 3, 1, 1046]]}"
pen-based,cosine,5,modified_plurality,RetentionPolicy.ALWAYS_RETAIN,10,9892.8,1099.2,0.001642929998342879,9.173055239071548e-05,0.24934902000240983,0.0016218538445481464,0.2509919500007527,0.0016031496102769129,0.9933602313134304,0.001989953798941127,0.9934465520343247,0.0019598679631512178,0.9934003980418643,0.0019498970534690253,0.9933974839974413,0.0019542752857391646,0.9934195527222665,0.001990633987255302,0.9933602313134304,0.001989953798941127,0.9933638613913731,0.001989803831309074,"{""labels"": [""0"", ""1"", ""2"", ""3"", ""4"", ""5"", ""6"", ""7"", ""8"", ""9""], ""matrix"": [[1136, 1, 0, 0, 3, 0, 1, 0, 0, 2], [0, 1124, 10, 7, 1, 0, 0, 1, 0, 0], [0, 3, 1140, 0, 0, 0, 0, 1, 0, 0], [0, 1, 2, 1047, 1, 1, 0, 1, 0, 2], [0, 0, 0, 0, 1138, 4, 0, 1, 0, 1], [0, 0, 0, 4, 0, 1049, 0, 0, 1, 1], [0, 0, 0, 0, 0, 1, 1055, 0, 0, 0], [0, 4, 2, 1, 0, 0, 0, 1134, 1, 0], [1, 0, 0, 0, 0, 1, 0, 4, 1049, 0], [0, 2, 0, 0, 0, 2, 0, 3, 1, 1047]]}"
pen-based,cosine,7,modified_plurality,RetentionPolicy.ALWAYS_RETAIN,10,9892.8,1099.2,0.001708279995364137,0.00014972821054994143,0.2501401300047291,0.002519513767815593,0.2518484100000933,0.0025251757255177437,0.9928129554225599,0.0013763643735601565,0.9929130519794581,0.0013786828866252248,0.9928458040096139,0.0013542114980064268,0.992845697521636,0.0013632359950988663,0.9928863211534754,0.001372493585376819,0.9928129554225599,0.0013763643735601565,0.9928156400375918,0.001371214288264727,"{""labels"": [""0"", ""1"", ""2"", ""3"", ""4"", ""5"", ""6"", ""7"", ""8"", ""9""], ""matrix"": [[1136, 1, 0, 0, 3, 0, 1, 0, 0, 2], [0, 1122, 12, 6, 1, 0, 0, 2, 0, 0], [0, 2, 1141, 0, 0, 0, 0, 1, 0, 0], [0, 1, 2, 1047, 1, 1, 0, 1, 0, 2], [0, 0, 0, 0, 1135, 6, 0, 2, 0, 1], [0, 0, 0, 5, 0, 1048, 0, 0, 1, 1], [0, 0, 0, 0, 0, 1, 1055, 0, 0, 0], [0, 3, 2, 1, 0, 0, 0, 1136, 0, 0], [1, 1, 0, 0, 0, 1, 0, 4, 1048, 0], [0, 1, 0, 0, 0, 4, 0, 4, 1, 1045]]}"
pen-based,heom,3,modified_plurality,RetentionPolicy.ALWAYS_RETAIN,10,9892.8,1099.2,0.0016926500014960767,0.000122327275007627,0.3471718099957798,0.002161354727698739,0.34886445999727583,0.002137542321446348,0.9938150267330862,0.0018511033472840292,0.9939047639674683,0.0017959898177796084,0.9938028082173263,0.0017834426524829217,0.9938229986843707,0.0017964400931435032,0.9938762769324935,0.0018405703141761932,0.9938150267330862,0.0018511033472840292,0.9938147142768887,0.0018536465171008416,"{""labels"": [""0"", ""1"", ""2"", ""3"", ""4"", ""5"", ""6"", ""7"", ""8"", ""9""], ""matrix"": [[1136, 1, 0, 0, 3, 0, 1, 0, 0, 2], [0, 1128, 10, 4, 1, 0, 0, 0, 0, 0], [0, 1, 1142, 0, 0, 0, 0, 1, 0, 0], [0, 1, 2, 1047, 1, 1, 0, 1, 0, 2], [0, 0, 0, 0, 1142, 1, 0, 0, 0, 1], [0, 0, 0, 5, 0, 1047, 0, 1, 1, 1], [0, 0, 0, 0, 0, 1, 1054, 1, 0, 0], [0, 3, 2, 0, 0, 0, 0, 1134, 1, 2], [1, 0, 0, 0, 0, 1, 0, 3, 1050, 0], [0, 1, 0, 0, 3, 3, 0, 3, 1, 1044]]}"
pen-based,heom,5,modified_plurality,RetentionPolicy.ALWAYS_RETAIN,10,9892.8,1099.2,0.0017474800057243555,0.00015410825820056645,0.34456549999595154,0.002966538701274897,0.3463129800016759,0.002898461829846075,0.9926323771410939,0.001964946369141058,0.9927424764059152,0.0019356447469266276,0.9926448846964652,0.0019460283379315814,0.9926610696676941,0.0019379634304138324,0.9927060853088499,0.001964920776985162,0.9926323771410939,0.001964946369141058,0.9926364312667767,0.0019624028991442645,"{""labels"": [""0"", ""1"", ""2"", ""3"", ""4"", ""5"", ""6"", ""7"", ""8"", ""9""], ""matrix"": [[1136, 1, 0, 0, 3, 0, 1, 0, 0, 2], [0, 1122, 11, 7, 1, 0, 0, 2, 0, 0], [0, 2, 1141, 0, 0, 0, 0, 1, 0, 0], [0, 1, 2, 1047, 1, 1, 0, 1, 0, 2], [0, 0, 0, 0, 1138, 4, 0, 1, 0, 1], [0, 0, 0, 4, 0, 1048, 0, 1, 1, 1], [0, 0, 0, 0, 0, 1, 1054, 1, 0, 0], [0, 5, 1, 1, 0, 0, 0, 1135, 0, 0], [1, 0, 0, 0, 0, 1, 0, 3, 1050, 0], [0, 2, 0, 2, 3, 3, 0, 4, 1, 1040]]}"
pen-based,heom,7,modified_plurality,RetentionPolicy.ALWAYS_RETAIN,10,9892.8,1099.2,0.0016791899950476363,0.00016250680732332582,0.34516129000112417,0.005091832598835519,0.3468404799961718,0.0050622183709528356,0.991903530777509,0.0015440848565082264,0.9920352197258261,0.0015741645979255655,0.9919098929924306,0.0015458052145409366,0.9919363031108233,0.0015531397657944266,0.9919795250107049,0.0015481319796685274,0.991903530777509,0.0015440848565082264,0.9919050591308359,0.0015388686504950236,"{""labels"": [""0"", ""1"", ""2"", ""3"", ""4"", ""5"", ""6"", ""7"", ""8"", ""9""], ""matrix"": [[1136, 1, 0, 0, 3, 0, 1, 0, 0, 2], [0, 1119, 13, 7, 2, 0, 0, 2, 0, 0], [0, 1, 1142, 0, 0, 0, 0, 1, 0, 0], [0, 1, 2, 1047, 1, 1, 0, 1, 0, 2], [0, 0, 0, 0, 1136, 5, 0, 2, 0, 1], [0, 0, 0, 5, 0, 1049, 0, 0, 1, 0], [0, 0, 0, 0, 0, 1, 1054, 1, 0, 0], [0, 4, 2, 0, 0, 0, 0, 1136, 0, 0], [2, 0, 0, 0, 0, 1, 0, 7, 1045, 0], [0, 2, 0, 2, 3, 4, 0, 4, 1, 1039]]}"
pen-based,euclidean,3,modified_plurality,RetentionPolicy.NEVER_RETAIN,10,9892.8,1099.2,0.0017725500045344233,0.00011519743148540741,0.18963505999709013,0.00410942416105833,0.19140761000162457,0.004158110323250452,0.9937239520518476,0.0018357553623534208,0.993823713700505,0.001781085832675371,0.9937232347964896,0.0017672108962401673,0.9937397356478259,0.0017815117555987751,0.9937921243193658,0.0018240031193519533,0.9937239520518476,0.0018357553623534208,0.9937240143530139,0.0018385467707640346,"{""labels"": [""0"", ""1"", ""2"", ""3"", ""4"", ""5"", ""6"", ""7"", ""8"", ""9""], ""matrix"": [[1136, 1, 0, 0, 3, 0, 1, 0, 0, 2], [0, 1127, 12, 3, 1, 0, 0, 0, 0, 0], [0, 1, 1142, 0, 0, 0, 0, 1, 0, 0], [0, 1, 2, 1047, 1, 1, 0, 1, 0, 2], [0, 0, 0, 0, 1141, 2, 0, 0, 0, 1], [0, 0, 0, 5, 0, 1047, 0, 1, 1, 1], [0, 0, 0, 0, 0, 1, 1055, 0, 0, 0], [0, 3, 2, 0, 0, 0, 0, 1134, 1, 2], [1, 0, 0, 0, 0, 1, 0, 3, 1050, 0], [0, 1, 0, 0, 3, 3, 0, 3, 1, 1044]]}"
pen-based,euclidean,5,modified_plurality,RetentionPolicy.NEVER_RETAIN,10,9892.8,1099.2,0.0018200900027295574,0.00014652754005637297,0.19078737999661827,0.0025250586032378093,0.1926074699993478,0.002520940887100459,0.9924502274768574,0.0018622097015016698,0.9925647127446207,0.0018409636219270133,0.9924702088764805,0.0018454134820559882,0.992484615157999,0.0018435648323612635,0.9925211109628217,0.0018561853926232822,0.9924502274768574,0.0018622097015016698,0.9924525425670909,0.0018594405956599029,"{""labels"": [""0"", ""1"", ""2"", ""3"", ""4"", ""5"", ""6"", ""7"", ""8"", ""9""], ""matrix"": [[1136, 1, 0, 0, 3, 0, 1, 0, 0, 2], [0, 1122, 12, 6, 1, 0, 0, 2, 0, 0], [0, 3, 1140, 0, 0, 0, 0, 1, 0, 0], [0, 1, 2, 1047, 1, 1, 0, 1, 0, 2], [0, 0, 0, 0, 1137, 5, 0, 1, 0, 1], [0, 0, 0, 4, 0, 1049, 0, 1, 1, 0], [0, 0, 0, 0, 0, 1, 1055, 0, 0, 0], [0, 4, 2, 1, 0, 0, 0, 1135, 0, 0], [1, 0, 0, 0, 0, 1, 0, 3, 1050, 0], [0, 3, 0, 2, 3, 4, 0, 4, 1, 1038]]}"
pen-based,euclidean,7,modified_plurality,RetentionPolicy.NEVER_RETAIN,10,9892.8,1099.2,0.0015937400021357462,0.00010561818111166607,0.18569913000101224,0.003689537284931863,0.18729287000314798,0.003732706311659281,0.9919951017797681,0.0017583063602866274,0.9921265252954461,0.0017811114359250432,0.9920200329855635,0.0017637733892426153,0.9920343079706514,0.0017673978122376135,0.9920802319199865,0.0017614460975825558,0.9919951017797681,0.0017583063602866274,0.9919984620793534,0.001754742250086999,"{""labels"": [""0"", ""1"", ""2"", ""3"", ""4"", ""5"", ""6"", ""7"", ""8"", ""9""], ""matrix"": [[1135, 1, 0, 0, 4, 0, 1, 0, 0, 2], [0, 1119, 13, 7, 2, 0, 0, 2, 0, 0], [0, 1, 1142, 0, 0, 0, 0, 1, 0, 0], [0, 1, 2, 1047, 1, 1, 0, 1, 0, 2], [0, 0, 0, 0, 1135, 6, 0, 2, 0, 1], [0, 0, 0, 5, 0, 1049, 0, 0, 1, 0], [0, 0, 0, 0, 0, 1, 1055, 0, 0, 0], [0, 4, 2, 0, 0, 0, 0, 1136, 0, 0], [1, 0, 0, 0, 0, 1, 0, 6, 1047, 0], [0, 2, 0, 1, 4, 5, 0, 3, 1, 1039]]}"
pen-based,cosine,3,modified_plurality,RetentionPolicy.NEVER_RETAIN,10,9892.8,1099.2,0.0015916100004687906,0.0001219238135998894,0.21096088999183849,0.003651462702726063,0.21255249999230727,0.00370128674896423,0.9937227945716167,0.0018830066996660907,0.9937915388723981,0.0018634242780968078,0.9937321523661492,0.0018403138564160107,0.9937331404352465,0.0018593060167466408,0.993779658387853,0.0018685088528833257,0.9937227945716167,0.0018830066996660907,0.9937225383596837,0.0018834456769334304,"{""labels"": [""0"", ""1"", ""2"", ""3"", ""4"", ""5"", ""6"", ""7"", ""8"", ""9""], ""matrix"": [[1136, 1, 0, 0, 3, 0, 1, 0, 0, 2], [0, 1128, 11, 3, 1, 0, 0, 0, 0, 0], [0, 2, 1141, 0, 0, 0, 0, 1, 0, 0], [0, 1, 2, 1047, 1, 1, 0, 1, 0, 2], [0, 0, 0, 0, 1140, 2, 0, 0, 0, 2], [0, 0, 0, 5, 0, 1047, 0, 0, 1, 2], [0, 0, 0, 0, 0, 1, 1055, 0, 0, 0], [0, 2, 3, 0, 0, 0, 0, 1133, 2, 2], [1, 0, 0, 0, 0, 1, 0, 2, 1051, 0], [0, 2, 0, 0, 1, 3, 0, 3, 1, 1045]]}"
pen-based,cosine,5,modified_plurality,RetentionPolicy.NEVER_RETAIN,10,9892.8,1099.2,0.0016452700016088783,0.00016246860000667572,0.21151200000022072,0.00414760184255133,0.2131572700018296,0.004230093083324627,0.993087007118629,0.0020785638013932346,0.993187444887995,0.0020393576818572576,0.9931304841266415,0.002032165072164796,0.9931307294809584,0.002036483486576156,0.9931491176816106,0.0020714710153941374,0.993087007118629,0.0020785638013932346,0.9930896763472539,0.0020756630576763686,"{""labels"": [""0"", ""1"", ""2"", ""3"", ""4"", ""5"", ""6"", ""7"", ""8"", ""9""], ""matrix"": [[1136, 1, 0, 0, 3, 0, 1, 0, 0, 2], [0, 1123, 12, 6, 1, 0, 0, 1, 0, 0], [0, 3, 1140, 0, 0, 0, 0, 1, 0, 0], [0, 1, 2, 1047, 1, 1, 0, 1, 0, 2], [0, 0, 0, 0, 1137, 5, 0, 1, 0, 1], [0, 0, 0, 4, 0, 1049, 0, 0, 1, 1], [0, 0, 0, 0, 0, 1, 1055, 0, 0, 0], [0, 3, 3, 1, 0, 0, 0, 1134, 1, 0], [1, 0, 0, 0, 0, 1, 0, 4, 1049, 0], [0, 3, 0, 0, 0, 2, 0, 3, 1, 1046]]}"
pen-based,cosine,7,modified_plurality,RetentionPolicy.NEVER_RETAIN,10,9892.8,1099.2,0.0016498299984959886,0.00013264853045805953,0.21688651000149547,0.003705134335638951,0.21853633999999147,0.0037340319614920965,0.9928130384441471,0.00124948644306351,0.9929140525603841,0.0012558744641534636,0.9928607059075087,0.0012274857401037664,0.9928532629097486,0.0012376118212739612,0.9928865328984134,0.001250175713034488,0.9928130384441471,0.00124948644306351,0.992815376555398,0.001246015118964614,"{""labels"": [""0"", ""1"", ""2"", ""3"", ""4"", ""5"", ""6"", ""7"", ""8"", ""9""], ""matrix"": [[1135, 1, 0, 0, 4, 0, 1, 0, 0, 2], [0, 1122, 12, 6, 1, 0, 0, 2, 0, 0], [0, 3, 1140, 0, 0, 0, 0, 1, 0, 0], [0, 1, 2, 1047, 1, 1, 0, 1, 0, 2], [0, 0, 0, 0, 1135, 6, 0, 2, 0, 1], [0, 0, 0, 5, 0, 1048, 0, 0, 1, 1], [0, 0, 0, 0, 0, 1, 1055, 0, 0, 0], [0, 3, 2, 1, 0, 0, 0, 1136, 0, 0], [1, 1, 0, 0, 0, 1, 0, 3, 1049, 0], [0, 1, 0, 0, 0, 4, 0, 3, 1, 1046]]}"
pen-based,heom,3,modified_plurality,RetentionPolicy.NEVER_RETAIN,10,9892.8,1099.2,0.0015957100054947659,0.00011883610023831241,0.3013267199974507,0.004020592559998602,0.3029224300029455,0.003975381629921258,0.9937239520518476,0.0018357553623534208,0.993823713700505,0.001781085832675371,0.9937232347964896,0.0017672108962401673,0.9937397356478259,0.0017815117555987751,0.9937921243193658,0.0018240031193519533,0.9937239520518476,0.0018357553623534208,0.9937240143530139,0.0018385467707640346,"{""labels"": [""0"", ""1"", ""2"", ""3"", ""4"", ""5"", ""6"", ""7"", ""8"", ""9""], ""matrix"": [[1136, 1, 0, 0, 3, 0, 1, 0, 0, 2], [0, 1127, 12, 3, 1, 0, 0, 0, 0, 0], [0, 1, 1142, 0, 0, 0, 0, 1, 0, 0], [0, 1, 2, 1047, 1, 1, 0, 1, 0, 2], [0, 0, 0, 0, 1141, 2, 0, 0, 0, 1], [0, 0, 0, 5, 0, 1047, 0, 1, 1, 1], [0, 0, 0, 0, 0, 1, 1055, 0, 0, 0], [0, 3, 2, 0, 0, 0, 0, 1134, 1, 2], [1, 0, 0, 0, 0, 1, 0, 3, 1050, 0], [0, 1, 0, 0, 3, 3, 0, 3, 1, 1044]]}"
pen-based,heom,5,modified_plurality,RetentionPolicy.NEVER_RETAIN,10,9892.8,1099.2,0.0015884100052062423,9.209344975504825e-05,0.30137399999948683,0.003945433874806867,0.3029624100046931,0.0039492941133617366,0.9924502274768574,0.0018622097015016698,0.9925647127446207,0.0018409636219270133,0.9924702088764805,0.0018454134820559882,0.992484615157999,0.0018435648323612635,0.9925211109628217,0.0018561853926232822,0.9924502274768574,0.0018622097015016698,0.9924525425670909,0.0018594405956599029,"{""labels"": [""0"", ""1"", ""2"", ""3"", ""4"", ""5"", ""6"", ""7"", ""8"", ""9""], ""matrix"": [[1136, 1, 0, 0, 3, 0, 1, 0, 0, 2], [0, 1122, 12, 6, 1, 0, 0, 2, 0, 0], [0, 3, 1140, 0, 0, 0, 0, 1, 0, 0], [0, 1, 2, 1047, 1, 1, 0, 1, 0, 2], [0, 0, 0, 0, 1137, 5, 0, 1, 0, 1], [0, 0, 0, 4, 0, 1049, 0, 1, 1, 0], [0, 0, 0, 0, 0, 1, 1055, 0, 0, 0], [0, 4, 2, 1, 0, 0, 0, 1135, 0, 0], [1, 0, 0, 0, 0, 1, 0, 3, 1050, 0], [0, 3, 0, 2, 3, 4, 0, 4, 1, 1038]]}"
pen-based,heom,7,modified_plurality,RetentionPolicy.NEVER_RETAIN,10,9892.8,1099.2,0.0015825199952814728,0.00010655489491995568,0.3041951499966672,0.0061918049188081255,0.30577766999194866,0.006219485923989068,0.9919951017797681,0.0017583063602866274,0.9921265252954461,0.0017811114359250432,0.9920200329855635,0.0017637733892426153,0.9920343079706514,0.0017673978122376135,0.9920802319199865,0.0017614460975825558,0.9919951017797681,0.0017583063602866274,0.9919984620793534,0.001754742250086999,"{""labels"": [""0"", ""1"", ""2"", ""3"", ""4"", ""5"", ""6"", ""7"", ""8"", ""9""], ""matrix"": [[1135, 1, 0, 0, 4, 0, 1, 0, 0, 2], [0, 1119, 13, 7, 2, 0, 0, 2, 0, 0], [0, 1, 1142, 0, 0, 0, 0, 1, 0, 0], [0, 1, 2, 1047, 1, 1, 0, 1, 0, 2], [0, 0, 0, 0, 1135, 6, 0, 2, 0, 1], [0, 0, 0, 5, 0, 1049, 0, 0, 1, 0], [0, 0, 0, 0, 0, 1, 1055, 0, 0, 0], [0, 4, 2, 0, 0, 0, 0, 1136, 0, 0], [1, 0, 0, 0, 0, 1, 0, 6, 1047, 0], [0, 2, 0, 1, 4, 5, 0, 3, 1, 1039]]}"
pen-based,euclidean,3,modified_plurality,RetentionPolicy.DIFFERENT_CLASS_RETENTION,10,9892.8,1099.2,0.0016740799997933208,0.000166554380468722,0.18813209999643732,0.004270197042501172,0.18980617999623065,0.004285060655884948,0.9937236214722424,0.0017906892072403417,0.9938158319301538,0.001733825345042397,0.9937289734421692,0.0017279124606920044,0.9937394178794408,0.0017380066980274519,0.9937912072240774,0.001780405056703513,0.9937236214722424,0.0017906892072403417,0.9937241804129078,0.0017939987420015659,"{""labels"": [""0"", ""1"", ""2"", ""3"", ""4"", ""5"", ""6"", ""7"", ""8"", ""9""], ""matrix"": [[1136, 1, 0, 0, 3, 0, 1, 0, 0, 2], [0, 1126, 12, 4, 1, 0, 0, 0, 0, 0], [0, 1, 1142, 0, 0, 0, 0, 1, 0, 0], [0, 1, 2, 1047, 1, 1, 0, 1, 0, 2], [0, 0, 0, 0, 1141, 2, 0, 0, 0, 1], [0, 0, 0, 5, 0, 1047, 0, 1, 1, 1], [0, 0, 0, 0, 0, 1, 1055, 0, 0, 0], [0, 3, 2, 0, 0, 0, 0, 1134, 1, 2], [1, 0, 0, 0, 0, 1, 0, 3, 1050, 0], [0, 1, 0, 0, 2, 3, 0, 3, 1, 1045]]}"
pen-based,euclidean,5,modified_plurality,RetentionPolicy.DIFFERENT_CLASS_RETENTION,10,9892.8,1099.2,0.0017165600060252474,0.00010850860860311747,0.18907134999462868,0.00355743162735675,0.19078791000065393,0.0035446878659604456,0.9925409715784909,0.0018959460259975842,0.9926509064898532,0.0018747730547220907,0.9925636668204056,0.0018805062253392073,0.9925752914923995,0.0018778170278057128,0.9926102769061659,0.001889916572124438,0.9925409715784909,0.0018959460259975842,0.9925433353371529,0.0018929240651381581,"{""labels"": [""0"", ""1"", ""2"", ""3"", ""4"", ""5"", ""6"", ""7"", ""8"", ""9""], ""matrix"": [[1136, 1, 0, 0, 3, 0, 1, 0, 0, 2], [0, 1122, 12, 6, 1, 0, 0, 2, 0, 0], [0, 3, 1140, 0, 0, 0, 0, 1, 0, 0], [0, 1, 2, 1047, 1, 1, 0, 1, 0, 2], [0, 0, 0, 0, 1137, 5, 0, 1, 0, 1], [0, 0, 0, 4, 0, 1049, 0, 1, 1, 0], [0, 0, 0, 0, 0, 1, 1055, 0, 0, 0], [0, 4, 2, 1, 0, 0, 0, 1135, 0, 0], [1, 0, 0, 0, 0, 1, 0, 3, 1050, 0], [0, 3, 0, 2, 2, 4, 0, 4, 1, 1039]]}"
pen-based,euclidean,7,modified_plurality,RetentionPolicy.DIFFERENT_CLASS_RETENTION,10,9892.8,1099.2,0.001808299994445406,0.0001941055495694179,0.19224740999925416,0.002816366356237427,0.19405570999369956,0.0027507358002013408,0.9921770035842272,0.0016322307259249095,0.9922988710132099,0.0016605968551563018,0.9921947088055484,0.001644025942667814,0.9922113724696947,0.0016440442670961656,0.9922525147270541,0.0016417995918997996,0.9921770035842272,0.0016322307259249095,0.9921791017305639,0.0016287197898942805,"{""labels"": [""0"", ""1"", ""2"", ""3"", ""4"", ""5"", ""6"", ""7"", ""8"", ""9""], ""matrix"": [[1136, 1, 0, 0, 3, 0, 1, 0, 0, 2], [0, 1119, 13, 7, 2, 0, 0, 2, 0, 0], [0, 1, 1142, 0, 0, 0, 0, 1, 0, 0], [0, 1, 2, 1047, 1, 1, 0, 1, 0, 2], [0, 0, 0, 0, 1136, 5, 0, 2, 0, 1], [0, 0, 0, 5, 0, 1049, 0, 0, 1, 0], [0, 0, 0, 0, 0, 1, 1055, 0, 0, 0], [0, 4, 2, 0, 0, 0, 0, 1136, 0, 0], [1, 0, 0, 0, 0, 1, 0, 6, 1047, 0], [0, 2, 0, 1, 4, 5, 0, 3, 1, 1039]]}"
pen-based,cosine,3,modified_plurality,RetentionPolicy.DIFFERENT_CLASS_RETENTION,10,9892.8,1099.2,0.0017018999962601811,0.00018152760661955113,0.21629026000155135,0.010779872352384345,0.21799215999781155,0.0108758392950056,0.9937227945716167,0.0018830066996660907,0.9937915388723981,0.0018634242780968078,0.9937321523661492,0.0018403138564160107,0.9937331404352465,0.0018593060167466408,0.993779658387853,0.0018685088528833257,0.9937227945716167,0.0018830066996660907,0.9937225383596837,0.0018834456769334304,"{""labels"": [""0"", ""1"", ""2"", ""3"", ""4"", ""5"", ""6"", ""7"", ""8"", ""9""], ""matrix"": [[1136, 1, 0, 0, 3, 0, 1, 0, 0, 2], [0, 1128, 11, 3, 1, 0, 0, 0, 0, 0], [0, 2, 1141, 0, 0, 0, 0, 1, 0, 0], [0, 1, 2, 1047, 1, 1, 0, 1, 0, 2], [0, 0, 0, 0, 1140, 2, 0, 0, 0, 2], [0, 0, 0, 5, 0, 1047, 0, 0, 1, 2], [0, 0, 0, 0, 0, 1, 1055, 0, 0, 0], [0, 2, 3, 0, 0, 0, 0, 1133, 2, 2], [1, 0, 0, 0, 0, 1, 0, 2, 1051, 0], [0, 2, 0, 0, 1, 3, 0, 3, 1, 1045]]}"
pen-based,cosine,5,modified_plurality,RetentionPolicy.DIFFERENT_CLASS_RETENTION,10,9892.8,1099.2,0.0018427400063956156,0.0006193086100198401,0.21634410998958628,0.007267903300373307,0.2181868499959819,0.007578929718160001,0.993087007118629,0.0020785638013932346,0.993187444887995,0.0020393576818572576,0.9931304841266415,0.002032165072164796,0.9931307294809584,0.002036483486576156,0.9931491176816106,0.0020714710153941374,0.993087007118629,0.0020785638013932346,0.9930896763472539,0.0020756630576763686,"{""labels"": [""0"", ""1"", ""2"", ""3"", ""4"", ""5"", ""6"", ""7"", ""8"", ""9""], ""matrix"": [[1136, 1, 0, 0, 3, 0, 1, 0, 0, 2], [0, 1123, 12, 6, 1, 0, 0, 1, 0, 0], [0, 3, 1140, 0, 0, 0, 0, 1, 0, 0], [0, 1, 2, 1047, 1, 1, 0, 1, 0, 2], [0, 0, 0, 0, 1137, 5, 0, 1, 0, 1], [0, 0, 0, 4, 0, 1049, 0, 0, 1, 1], [0, 0, 0, 0, 0, 1, 1055, 0, 0, 0], [0, 3, 3, 1, 0, 0, 0, 1134, 1, 0], [1, 0, 0, 0, 0, 1, 0, 4, 1049, 0], [0, 3, 0, 0, 0, 2, 0, 3, 1, 1046]]}"
pen-based,cosine,7,modified_plurality,RetentionPolicy.DIFFERENT_CLASS_RETENTION,10,9892.8,1099.2,0.0017259500018553808,0.00016188799589715274,0.21484350000100677,0.001890620380716751,0.21656945000286215,0.0018174582440042392,0.9929037825457806,0.0012072559721635913,0.9929995098317483,0.0012083796549291718,0.9929476624292478,0.001188526697989015,0.9929406158099423,0.0011938750737608517,0.9929757124465702,0.001206957168712192,0.9929037825457806,0.0012072559721635913,0.9929065343006093,0.0012028498479187525,"{""labels"": [""0"", ""1"", ""2"", ""3"", ""4"", ""5"", ""6"", ""7"", ""8"", ""9""], ""matrix"": [[1136, 1, 0, 0, 3, 0, 1, 0, 0, 2], [0, 1122, 12, 6, 1, 0, 0, 2, 0, 0], [0, 3, 1140, 0, 0, 0, 0, 1, 0, 0], [0, 1, 2, 1047, 1, 1, 0, 1, 0, 2], [0, 0, 0, 0, 1135, 6, 0, 2, 0, 1], [0, 0, 0, 5, 0, 1048, 0, 0, 1, 1], [0, 0, 0, 0, 0, 1, 1055, 0, 0, 0], [0, 3, 2, 1, 0, 0, 0, 1136, 0, 0], [1, 1, 0, 0, 0, 1, 0, 3, 1049, 0], [0, 1, 0, 0, 0, 4, 0, 3, 1, 1046]]}"
pen-based,heom,3,modified_plurality,RetentionPolicy.DIFFERENT_CLASS_RETENTION,10,9892.8,1099.2,0.0016660600085742772,7.466807970957554e-05,0.30802778999495783,0.003664431227050439,0.3096938500035321,0.0036669526105570973,0.9937236214722424,0.0017906892072403417,0.9938158319301538,0.001733825345042397,0.9937289734421692,0.0017279124606920044,0.9937394178794408,0.0017380066980274519,0.9937912072240774,0.001780405056703513,0.9937236214722424,0.0017906892072403417,0.9937241804129078,0.0017939987420015659,"{""labels"": [""0"", ""1"", ""2"", ""3"", ""4"", ""5"", ""6"", ""7"", ""8"", ""9""], ""matrix"": [[1136, 1, 0, 0, 3, 0, 1, 0, 0, 2], [0, 1126, 12, 4, 1, 0, 0, 0, 0, 0], [0, 1, 1142, 0, 0, 0, 0, 1, 0, 0], [0, 1, 2, 1047, 1, 1, 0, 1, 0, 2], [0, 0, 0, 0, 1141, 2, 0, 0, 0, 1], [0, 0, 0, 5, 0, 1047, 0, 1, 1, 1], [0, 0, 0, 0, 0, 1, 1055, 0, 0, 0], [0, 3, 2, 0, 0, 0, 0, 1134, 1, 2], [1, 0, 0, 0, 0, 1, 0, 3, 1050, 0], [0, 1, 0, 0, 2, 3, 0, 3, 1, 1045]]}"
pen-based,heom,5,modified_plurality,RetentionPolicy.DIFFERENT_CLASS_RETENTION,10,9892.8,1099.2,0.0016631000064080582,0.00011428778984119116,0.3097366999980295,0.003276716510362269,0.31139980000443757,0.0032683098959867068,0.9925409715784909,0.0018959460259975842,0.9926509064898532,0.0018747730547220907,0.9925636668204056,0.0018805062253392073,0.9925752914923995,0.0018778170278057128,0.9926102769061659,0.001889916572124438,0.9925409715784909,0.0018959460259975842,0.9925433353371529,0.0018929240651381581,"{""labels"": [""0"", ""1"", ""2"", ""3"", ""4"", ""5"", ""6"", ""7"", ""8"", ""9""], ""matrix"": [[1136, 1, 0, 0, 3, 0, 1, 0, 0, 2], [0, 1122, 12, 6, 1, 0, 0, 2, 0, 0], [0, 3, 1140, 0, 0, 0, 0, 1, 0, 0], [0, 1, 2, 1047, 1, 1, 0, 1, 0, 2], [0, 0, 0, 0, 1137, 5, 0, 1, 0, 1], [0, 0, 0, 4, 0, 1049, 0, 1, 1, 0], [0, 0, 0, 0, 0, 1, 1055, 0, 0, 0], [0, 4, 2, 1, 0, 0, 0, 1135, 0, 0], [1, 0, 0, 0, 0, 1, 0, 3, 1050, 0], [0, 3, 0, 2, 2, 4, 0, 4, 1, 1039]]}"
pen-based,heom,7,modified_plurality,RetentionPolicy.DIFFERENT_CLASS_RETENTION,10,9892.8,1099.2,0.0017181899951538072,0.00012456496364162935,0.3073803300067084,0.003183135949964863,0.3090985200018622,0.0031735808171581893,0.9921770035842272,0.0016322307259249095,0.9922988710132099,0.0016605968551563018,0.9921947088055484,0.001644025942667814,0.9922113724696947,0.0016440442670961656,0.9922525147270541,0.0016417995918997996,0.9921770035842272,0.0016322307259249095,0.9921791017305639,0.0016287197898942805,"{""labels"": [""0"", ""1"", ""2"", ""3"", ""4"", ""5"", ""6"", ""7"", ""8"", ""9""], ""matrix"": [[1136, 1, 0, 0, 3, 0, 1, 0, 0, 2], [0, 1119, 13, 7, 2, 0, 0, 2, 0, 0], [0, 1, 1142, 0, 0, 0, 0, 1, 0, 0], [0, 1, 2, 1047, 1, 1, 0, 1, 0, 2], [0, 0, 0, 0, 1136, 5, 0, 2, 0, 1], [0, 0, 0, 5, 0, 1049, 0, 0, 1, 0], [0, 0, 0, 0, 0, 1, 1055, 0, 0, 0], [0, 4, 2, 0, 0, 0, 0, 1136, 0, 0], [1, 0, 0, 0, 0, 1, 0, 6, 1047, 0], [0, 2, 0, 1, 4, 5, 0, 3, 1, 1039]]}"
pen-based,euclidean,3,modified_plurality,RetentionPolicy.DD_RETENTION,10,9892.8,1099.2,0.0017070200003217906,0.00017371884642317784,0.19490427999990062,0.0026359217555483013,0.1966113000002224,0.00262691750887484,0.9937239520518475,0.0017430472879129495,0.9938143711220964,0.0016891203339016601,0.9937224720199831,0.0016714294167737998,0.9937357029982443,0.0016864269517928973,0.9937900125930298,0.0017346608434247667,0.9937239520518475,0.0017430472879129495,0.9937240766976687,0.001746404624374726,"{""labels"": [""0"", ""1"", ""2"", ""3"", ""4"", ""5"", ""6"", ""7"", ""8"", ""9""], ""matrix"": [[1136, 1, 0, 0, 3, 0, 1, 0, 0, 2], [0, 1127, 11, 4, 1, 0, 0, 0, 0, 0], [0, 1, 1142, 0, 0, 0, 0, 1, 0, 0], [0, 1, 2, 1047, 1, 1, 0, 1, 0, 2], [0, 0, 0, 0, 1141, 2, 0, 0, 0, 1], [0, 0, 0, 5, 0, 1047, 0, 1, 1, 1], [0, 0, 0, 0, 0, 1, 1055, 0, 0, 0], [0, 3, 2, 0, 0, 0, 0, 1134, 1, 2], [1, 0, 0, 0, 0, 1, 0, 3, 1050, 0], [0, 1, 0, 0, 3, 3, 0, 3, 1, 1044]]}"
pen-based,euclidean,5,modified_plurality,RetentionPolicy.DD_RETENTION,10,9892.8,1099.2,0.001756139998906292,0.0001605437864587594,0.19404455999610945,0.0022952888490265382,0.19580069999501576,0.0022389283578058265,0.992450061886528,0.0016252970353344495,0.9925666117981432,0.0015984770167351199,0.9924768292008762,0.0016147119470008308,0.9924884022945264,0.0016066261697495173,0.9925226988846172,0.0016216700013657421,0.992450061886528,0.0016252970353344495,0.992452819440594,0.0016234310802164876,"{""labels"": [""0"", ""1"", ""2"", ""3"", ""4"", ""5"", ""6"", ""7"", ""8"", ""9""], ""matrix"": [[1136, 1, 0, 0, 3, 0, 1, 0, 0, 2], [0, 1121, 12, 7, 1, 0, 0, 2, 0, 0], [0, 3, 1140, 0, 0, 0, 0, 1, 0, 0], [0, 1, 2, 1047, 1, 1, 0, 1, 0, 2], [0, 0, 0, 0, 1137, 5, 0, 1, 0, 1], [0, 0, 0, 4, 0, 1049, 0, 1, 1, 0], [0, 0, 0, 0, 0, 1, 1055, 0, 0, 0], [0, 4, 2, 1, 0, 0, 0, 1135, 0, 0], [1, 0, 0, 0, 0, 1, 0, 3, 1050, 0], [0, 3, 0, 2, 3, 3, 0, 4, 1, 1039]]}"
pen-based,euclidean,7,modified_plurality,RetentionPolicy.DD_RETENTION,10,9892.8,1099.2,0.0017072399990865962,0.00015630553956649899,0.19603088999865576,0.0031396790186700115,0.19773812999774237,0.0031286471076407375,0.9921770035842272,0.0016322307259249095,0.9922988710132099,0.0016605968551563018,0.9921947088055484,0.001644025942667814,0.9922113724696947,0.0016440442670961656,0.9922525147270541,0.0016417995918997996,0.9921770035842272,0.0016322307259249095,0.9921791017305639,0.0016287197898942805,"{""labels"": [""0"", ""1"", ""2"", ""3"", ""4"", ""5"", ""6"", ""7"", ""8"", ""9""], ""matrix"": [[1136, 1, 0, 0, 3, 0, 1, 0, 0, 2], [0, 1119, 13, 7, 2, 0, 0, 2, 0, 0], [0, 1, 1142, 0, 0, 0, 0, 1, 0, 0], [0, 1, 2, 1047, 1, 1, 0, 1, 0, 2], [0, 0, 0, 0, 1136, 5, 0, 2, 0, 1], [0, 0, 0, 5, 0, 1049, 0, 0, 1, 0], [0, 0, 0, 0, 0, 1, 1055, 0, 0, 0], [0, 4, 2, 0, 0, 0, 0, 1136, 0, 0], [1, 0, 0, 0, 0, 1, 0, 6, 1047, 0], [0, 2, 0, 1, 4, 5, 0, 3, 1, 1039]]}"
pen-based,cosine,3,modified_plurality,RetentionPolicy.DD_RETENTION,10,9892.8,1099.2,0.0016772600007243454,0.0001077225509730424,0.22492172000056598,0.0023079671573994287,0.22659898000129033,0.0023114826155932583,0.9936317198903779,0.0018183609098319088,0.9936981998306829,0.001798356554672947,0.9936444330679036,0.0017791641071007614,0.9936421430015591,0.0017954144766340202,0.9936903372187395,0.0018058346240095201,0.9936317198903779,0.0018183609098319088,0.9936319082037551,0.0018190354744147565,"{""labels"": [""0"", ""1"", ""2"", ""3"", ""4"", ""5"", ""6"", ""7"", ""8"", ""9""], ""matrix"": [[1136, 1, 0, 0, 3, 0, 1, 0, 0, 2], [0, 1127, 11, 4, 1, 0, 0, 0, 0, 0], [0, 2, 1141, 0, 0, 0, 0, 1, 0, 0], [0, 1, 2, 1047, 1, 1, 0, 1, 0, 2], [0, 0, 0, 0, 1140, 2, 0, 0, 0, 2], [0, 0, 0, 5, 0, 1047, 0, 0, 1, 2], [0, 0, 0, 0, 0, 1, 1055, 0, 0, 0], [0, 2, 3, 0, 0, 0, 0, 1133, 2, 2], [1, 0, 0, 0, 0, 1, 0, 2, 1051, 0], [0, 2, 0, 0, 1, 3, 0, 3, 1, 1045]]}"
pen-based,cosine,5,modified_plurality,RetentionPolicy.DD_RETENTION,10,9892.8,1099.2,0.0016981499997200445,0.000169162530805915,0.22322545999777504,0.002666092679270122,0.22492360999749508,0.0025950126905652867,0.993087007118629,0.0020785638013932346,0.993187444887995,0.0020393576818572576,0.9931304841266415,0.002032165072164796,0.9931307294809584,0.002036483486576156,0.9931491176816106,0.0020714710153941374,0.993087007118629,0.0020785638013932346,0.9930896763472539,0.0020756630576763686,"{""labels"": [""0"", ""1"", ""2"", ""3"", ""4"", ""5"", ""6"", ""7"", ""8"", ""9""], ""matrix"": [[1136, 1, 0, 0, 3, 0, 1, 0, 0, 2], [0, 1123, 12, 6, 1, 0, 0, 1, 0, 0], [0, 3, 1140, 0, 0, 0, 0, 1, 0, 0], [0, 1, 2, 1047, 1, 1, 0, 1, 0, 2], [0, 0, 0, 0, 1137, 5, 0, 1, 0, 1], [0, 0, 0, 4, 0, 1049, 0, 0, 1, 1], [0, 0, 0, 0, 0, 1, 1055, 0, 0, 0], [0, 3, 3, 1, 0, 0, 0, 1134, 1, 0], [1, 0, 0, 0, 0, 1, 0, 4, 1049, 0], [0, 3, 0, 0, 0, 2, 0, 3, 1, 1046]]}"
pen-based,cosine,7,modified_plurality,RetentionPolicy.DD_RETENTION,10,9892.8,1099.2,0.001693319997866638,0.00010425037767993759,0.2247628800017992,0.0024595965235587893,0.22645619999966585,0.002441832817793719,0.9928130384441471,0.00124948644306351,0.9929140525603841,0.0012558744641534636,0.9928607059075087,0.0012274857401037664,0.9928532629097486,0.0012376118212739612,0.9928865328984134,0.001250175713034488,0.9928130384441471,0.00124948644306351,0.992815376555398,0.001246015118964614,"{""labels"": [""0"", ""1"", ""2"", ""3"", ""4"", ""5"", ""6"", ""7"", ""8"", ""9""], ""matrix"": [[1135, 1, 0, 0, 4, 0, 1, 0, 0, 2], [0, 1122, 12, 6, 1, 0, 0, 2, 0, 0], [0, 3, 1140, 0, 0, 0, 0, 1, 0, 0], [0, 1, 2, 1047, 1, 1, 0, 1, 0, 2], [0, 0, 0, 0, 1135, 6, 0, 2, 0, 1], [0, 0, 0, 5, 0, 1048, 0, 0, 1, 1], [0, 0, 0, 0, 0, 1, 1055, 0, 0, 0], [0, 3, 2, 1, 0, 0, 0, 1136, 0, 0], [1, 1, 0, 0, 0, 1, 0, 3, 1049, 0], [0, 1, 0, 0, 0, 4, 0, 3, 1, 1046]]}"
pen-based,heom,3,modified_plurality,RetentionPolicy.DD_RETENTION,10,9892.8,1099.2,0.0018902399984654038,0.00025201037261563946,0.3140280300052837,0.00444097982054173,0.31591827000374906,0.004419415097109304,0.9937239520518475,0.0017430472879129495,0.9938143711220964,0.0016891203339016601,0.9937224720199831,0.0016714294167737998,0.9937357029982443,0.0016864269517928973,0.9937900125930298,0.0017346608434247667,0.9937239520518475,0.0017430472879129495,0.9937240766976687,0.001746404624374726,"{""labels"": [""0"", ""1"", ""2"", ""3"", ""4"", ""5"", ""6"", ""7"", ""8"", ""9""], ""matrix"": [[1136, 1, 0, 0, 3, 0, 1, 0, 0, 2], [0, 1127, 11, 4, 1, 0, 0, 0, 0, 0], [0, 1, 1142, 0, 0, 0, 0, 1, 0, 0], [0, 1, 2, 1047, 1, 1, 0, 1, 0, 2], [0, 0, 0, 0, 1141, 2, 0, 0, 0, 1], [0, 0, 0, 5, 0, 1047, 0, 1, 1, 1], [0, 0, 0, 0, 0, 1, 1055, 0, 0, 0], [0, 3, 2, 0, 0, 0, 0, 1134, 1, 2], [1, 0, 0, 0, 0, 1, 0, 3, 1050, 0], [0, 1, 0, 0, 3, 3, 0, 3, 1, 1044]]}"
pen-based,heom,5,modified_plurality,RetentionPolicy.DD_RETENTION,10,9892.8,1099.2,0.0017067699984181673,0.00010014870823524106,0.3149918000039179,0.0026484996925692913,0.31669857000233603,0.002587210513558235,0.992450061886528,0.0016252970353344495,0.9925666117981432,0.0015984770167351199,0.9924768292008762,0.0016147119470008308,0.9924884022945264,0.0016066261697495173,0.9925226988846172,0.0016216700013657421,0.992450061886528,0.0016252970353344495,0.992452819440594,0.0016234310802164876,"{""labels"": [""0"", ""1"", ""2"", ""3"", ""4"", ""5"", ""6"", ""7"", ""8"", ""9""], ""matrix"": [[1136, 1, 0, 0, 3, 0, 1, 0, 0, 2], [0, 1121, 12, 7, 1, 0, 0, 2, 0, 0], [0, 3, 1140, 0, 0, 0, 0, 1, 0, 0], [0, 1, 2, 1047, 1, 1, 0, 1, 0, 2], [0, 0, 0, 0, 1137, 5, 0, 1, 0, 1], [0, 0, 0, 4, 0, 1049, 0, 1, 1, 0], [0, 0, 0, 0, 0, 1, 1055, 0, 0, 0], [0, 4, 2, 1, 0, 0, 0, 1135, 0, 0], [1, 0, 0, 0, 0, 1, 0, 3, 1050, 0], [0, 3, 0, 2, 3, 3, 0, 4, 1, 1039]]}"
pen-based,heom,7,modified_plurality,RetentionPolicy.DD_RETENTION,10,9892.8,1099.2,0.0017371500056469814,0.00011387443914714753,0.31632413000043014,0.005238974206747464,0.31806128000607714,0.00521926684937327,0.9921770035842272,0.0016322307259249095,0.9922988710132099,0.0016605968551563018,0.9921947088055484,0.001644025942667814,0.9922113724696947,0.0016440442670961656,0.9922525147270541,0.0016417995918997996,0.9921770035842272,0.0016322307259249095,0.9921791017305639,0.0016287197898942805,"{""labels"": [""0"", ""1"", ""2"", ""3"", ""4"", ""5"", ""6"", ""7"", ""8"", ""9""], ""matrix"": [[1136, 1, 0, 0, 3, 0, 1, 0, 0, 2], [0, 1119, 13, 7, 2, 0, 0, 2, 0, 0], [0, 1, 1142, 0, 0, 0, 0, 1, 0, 0], [0, 1, 2, 1047, 1, 1, 0, 1, 0, 2], [0, 0, 0, 0, 1136, 5, 0, 2, 0, 1], [0, 0, 0, 5, 0, 1049, 0, 0, 1, 0], [0, 0, 0, 0, 0, 1, 1055, 0, 0, 0], [0, 4, 2, 0, 0, 0, 0, 1136, 0, 0], [1, 0, 0, 0, 0, 1, 0, 6, 1047, 0], [0, 2, 0, 1, 4, 5, 0, 3, 1, 1039]]}"
pen-based,euclidean,3,borda,RetentionPolicy.ALWAYS_RETAIN,10,9892.8,1099.2,0.0017648000037297606,0.00014110296478617951,0.20032574000651948,0.0034203567657395844,0.20209054001024923,0.0034919865017436305,0.9937228769925621,0.0014921147919164158,0.9938013842558945,0.00145444400059964,0.9937200647882539,0.0014693660920756097,0.9937337093118852,0.0014662284985557496,0.9937713177668652,0.0014878116062218023,0.9937228769925621,0.0014921147919164158,0.9937200885548089,0.0014947549387294469,"{""labels"": [""0"", ""1"", ""2"", ""3"", ""4"", ""5"", ""6"", ""7"", ""8"", ""9""], ""matrix"": [[1139, 0, 0, 0, 3, 0, 1, 0, 0, 0], [0, 1128, 9, 3, 1, 0, 0, 1, 0, 1], [0, 4, 1137, 2, 0, 0, 0, 1, 0, 0], [0, 1, 2, 1047, 1, 1, 0, 1, 0, 2], [0, 0, 0, 0, 1142, 1, 0, 0, 0, 1], [0, 0, 0, 5, 0, 1046, 1, 1, 2, 0], [0, 0, 0, 0, 0, 1, 1055, 0, 0, 0], [0, 4, 1, 0, 0, 0, 0, 1134, 1, 2], [1, 0, 0, 0, 0, 1, 0, 3, 1050, 0], [0, 1, 0, 1, 3, 2, 0, 2, 1, 1045]]}"
pen-based,euclidean,5,borda,RetentionPolicy.ALWAYS_RETAIN,10,9892.8,1099.2,0.0017126300022937357,0.00014551339779517928,0.20091829999582841,0.004057846594913684,0.20263092999812216,0.0041128158636452965,0.9940874229733632,0.0016869340510767676,0.9941605458459112,0.0016255532751999282,0.9940775623056322,0.0016388559883636167,0.9940910331665158,0.0016410876317617918,0.9941413155130174,0.0016693514964125045,0.9940874229733632,0.0016869340510767676,0.9940862517501948,0.001687937134539095,"{""labels"": [""0"", ""1"", ""2"", ""3"", ""4"", ""5"", ""6"", ""7"", ""8"", ""9""], ""matrix"": [[1136, 1, 0, 0, 3, 0, 1, 0, 0, 2], [0, 1129, 10, 3, 1, 0, 0, 0, 0, 0], [0, 1, 1142, 0, 0, 0, 0, 1, 0, 0], [0, 1, 2, 1047, 1, 1, 0, 1, 0, 2], [0, 0, 0, 0, 1142, 1, 0, 0, 0, 1], [0, 0, 0, 5, 0, 1047, 0, 1, 1, 1], [0, 0, 0, 0, 0, 1, 1054, 1, 0, 0], [0, 4, 1, 0, 0, 0, 0, 1134, 1, 2], [1, 0, 0, 0, 0, 1, 0, 1, 1052, 0], [0, 1, 0, 1, 2, 3, 0, 3, 1, 1044]]}"
pen-based,euclidean,7,borda,RetentionPolicy.ALWAYS_RETAIN,10,9892.8,1099.2,0.0017300600040471182,0.00011094271985445631,0.20100501999550033,0.0035674626052468227,0.20273507999954746,0.003591798887478988,0.9938148600888578,0.0016129873640958006,0.9939119962858618,0.0015970471598482866,0.9938020454408198,0.0015693794510089321,0.9938309615082117,0.001586514974392867,0.993870260174192,0.0016028937127075843,0.9938148600888578,0.0016129873640958006,0.9938164442364791,0.0016119932856915667,"{""labels"": [""0"", ""1"", ""2"", ""3"", ""4"", ""5"", ""6"", ""7"", ""8"", ""9""], ""matrix"": [[1136, 1, 0, 0, 3, 0, 1, 0, 0, 2], [0, 1129, 9, 4, 1, 0, 0, 0, 0, 0], [0, 2, 1141, 0, 0, 0, 0, 1, 0, 0], [0, 1, 2, 1047, 1, 1, 0, 1, 0, 2], [0, 0, 0, 0, 1141, 1, 0, 1, 0, 1], [0, 0, 0, 4, 0, 1048, 0, 1, 1, 1], [0, 0, 0, 0, 0, 1, 1054, 1, 0, 0], [0, 5, 1, 0, 0, 0, 0, 1135, 1, 0], [1, 0, 0, 0, 0, 1, 0, 2, 1051, 0], [0, 1, 0, 1, 3, 3, 0, 4, 1, 1042]]}"
pen-based,cosine,3,borda,RetentionPolicy.ALWAYS_RETAIN,10,9892.8,1099.2,0.00178427999780979,0.00012655065018372285,0.22997049000114203,0.0024399348506411182,0.2317547699989518,0.0024851925979079642,0.9939047787970214,0.0019116101101731631,0.993981781549272,0.0018877031187974863,0.993923527029222,0.0019007164816786369,0.9939274316903252,0.0018980034487998134,0.9939523437440576,0.001906388133150987,0.9939047787970214,0.0019116101101731631,0.9939032887551047,0.0019131147060598695,"{""labels"": [""0"", ""1"", ""2"", ""3"", ""4"", ""5"", ""6"", ""7"", ""8"", ""9""], ""matrix"": [[1139, 0, 0, 0, 3, 0, 1, 0, 0, 0], [0, 1128, 10, 3, 1, 0, 0, 1, 0, 0], [0, 4, 1137, 2, 0, 0, 0, 1, 0, 0], [0, 2, 2, 1047, 0, 1, 0, 1, 0, 2], [0, 0, 0, 0, 1141, 1, 0, 0, 0, 2], [0, 0, 0, 4, 0, 1048, 1, 0, 2, 0], [0, 0, 0, 0, 0, 1, 1055, 0, 0, 0], [0, 3, 2, 0, 0, 0, 0, 1133, 2, 2], [1, 0, 0, 0, 0, 1, 0, 3, 1050, 0], [0, 1, 0, 0, 2, 2, 0, 2, 1, 1047]]}"
pen-based,cosine,5,borda,RetentionPolicy.ALWAYS_RETAIN,10,9892.8,1099.2,0.001660579998861067,5.389293115243331e-05,0.2305792599974666,0.001014962338798102,0.23223983999632763,0.0010186385169733566,0.9944514742913853,0.0016460038748400475,0.9945249526351059,0.0015936727740582688,0.9944615579144743,0.0016001153658547474,0.9944662148829865,0.0016039747556920569,0.9945038278689797,0.001635269333553117,0.9944514742913853,0.0016460038748400475,0.994450427983075,0.001648759443236364,"{""labels"": [""0"", ""1"", ""2"", ""3"", ""4"", ""5"", ""6"", ""7"", ""8"", ""9""], ""matrix"": [[1136, 1, 0, 0, 3, 0, 1, 0, 0, 2], [0, 1129, 10, 3, 1, 0, 0, 0, 0, 0], [0, 2, 1141, 0, 0, 0, 0, 1, 0, 0], [0, 1, 2, 1047, 1, 1, 0, 1, 0, 2], [0, 0, 0, 0, 1142, 1, 0, 0, 0, 1], [0, 0, 0, 4, 0, 1049, 0, 0, 1, 1], [0, 0, 0, 0, 0, 1, 1055, 0, 0, 0], [0, 2, 3, 0, 0, 0, 0, 1134, 1, 2], [1, 0, 0, 0, 0, 1, 0, 1, 1052, 0], [0, 1, 0, 0, 1, 3, 0, 3, 1, 1046]]}"
pen-based,cosine,7,borda,RetentionPolicy.ALWAYS_RETAIN,10,9892.8,1099.2,0.001717170001938939,0.00014837548815478947,0.22981641999795102,0.0017516900473019653,0.23153358999988996,0.0016929526476703865,0.9941788292881059,0.0018692775709315294,0.9942536346010107,0.00182167342401605,0.9941859221474523,0.0018106449348047231,0.9941963029211317,0.0018211386983736457,0.9942304068221283,0.0018572452255333424,0.9941788292881059,0.0018692775709315294,0.9941810474717278,0.0018686169570391522,"{""labels"": [""0"", ""1"", ""2"", ""3"", ""4"", ""5"", ""6"", ""7"", ""8"", ""9""], ""matrix"": [[1136, 1, 0, 0, 3, 0, 1, 0, 0, 2], [0, 1130, 8, 4, 1, 0, 0, 0, 0, 0], [0, 3, 1140, 0, 0, 0, 0, 1, 0, 0], [0, 1, 2, 1047, 1, 1, 0, 1, 0, 2], [0, 0, 0, 0, 1141, 1, 0, 1, 0, 1], [0, 0, 0, 4, 0, 1049, 0, 0, 1, 1], [0, 0, 0, 0, 0, 1, 1055, 0, 0, 0], [0, 2, 3, 1, 0, 0, 0, 1134, 1, 1], [1, 0, 0, 0, 0, 1, 0, 3, 1050, 0], [0, 1, 0, 0, 0, 3, 0, 4, 1, 1046]]}"
pen-based,heom,3,borda,RetentionPolicy.ALWAYS_RETAIN,10,9892.8,1099.2,0.0017575199919519946,0.00015374406056981437,0.3229485000047134,0.00462644188363258,0.32470601999666543,0.004571373578149376,0.9937228769925621,0.0014921147919164158,0.9938013842558945,0.00145444400059964,0.9937200647882539,0.0014693660920756097,0.9937337093118852,0.0014662284985557496,0.9937713177668652,0.0014878116062218023,0.9937228769925621,0.0014921147919164158,0.9937200885548089,0.0014947549387294469,"{""labels"": [""0"", ""1"", ""2"", ""3"", ""4"", ""5"", ""6"", ""7"", ""8"", ""9""], ""matrix"": [[1139, 0, 0, 0, 3, 0, 1, 0, 0, 0], [0, 1128, 9, 3, 1, 0, 0, 1, 0, 1], [0, 4, 1137, 2, 0, 0, 0, 1, 0, 0], [0, 1, 2, 1047, 1, 1, 0, 1, 0, 2], [0, 0, 0, 0, 1142, 1, 0, 0, 0, 1], [0, 0, 0, 5, 0, 1046, 1, 1, 2, 0], [0, 0, 0, 0, 0, 1, 1055, 0, 0, 0], [0, 4, 1, 0, 0, 0, 0, 1134, 1, 2], [1, 0, 0, 0, 0, 1, 0, 3, 1050, 0], [0, 1, 0, 1, 3, 2, 0, 2, 1, 1045]]}"
pen-based,heom,5,borda,RetentionPolicy.ALWAYS_RETAIN,10,9892.8,1099.2,0.0017086200008634479,8.22505249097853e-05,0.3250317599944538,0.0030340235404274626,0.3267403799953172,0.0029914995047818018,0.9940874229733632,0.0016869340510767676,0.9941605458459112,0.0016255532751999282,0.9940775623056322,0.0016388559883636167,0.9940910331665158,0.0016410876317617918,0.9941413155130174,0.0016693514964125045,0.9940874229733632,0.0016869340510767676,0.9940862517501948,0.001687937134539095,"{""labels"": [""0"", ""1"", ""2"", ""3"", ""4"", ""5"", ""6"", ""7"", ""8"", ""9""], ""matrix"": [[1136, 1, 0, 0, 3, 0, 1, 0, 0, 2], [0, 1129, 10, 3, 1, 0, 0, 0, 0, 0], [0, 1, 1142, 0, 0, 0, 0, 1, 0, 0], [0, 1, 2, 1047, 1, 1, 0, 1, 0, 2], [0, 0, 0, 0, 1142, 1, 0, 0, 0, 1], [0, 0, 0, 5, 0, 1047, 0, 1, 1, 1], [0, 0, 0, 0, 0, 1, 1054, 1, 0, 0], [0, 4, 1, 0, 0, 0, 0, 1134, 1, 2], [1, 0, 0, 0, 0, 1, 0, 1, 1052, 0], [0, 1, 0, 1, 2, 3, 0, 3, 1, 1044]]}"
pen-based,heom,7,borda,RetentionPolicy.ALWAYS_RETAIN,10,9892.8,1099.2,0.001817180000944063,0.00014032503670974143,0.3266934100072831,0.0016613587097980542,0.32851059000822713,0.0016198439760515238,0.9938148600888578,0.0016129873640958006,0.9939119962858618,0.0015970471598482866,0.9938020454408198,0.0015693794510089321,0.9938309615082117,0.001586514974392867,0.993870260174192,0.0016028937127075843,0.9938148600888578,0.0016129873640958006,0.9938164442364791,0.0016119932856915667,"{""labels"": [""0"", ""1"", ""2"", ""3"", ""4"", ""5"", ""6"", ""7"", ""8"", ""9""], ""matrix"": [[1136, 1, 0, 0, 3, 0, 1, 0, 0, 2], [0, 1129, 9, 4, 1, 0, 0, 0, 0, 0], [0, 2, 1141, 0, 0, 0, 0, 1, 0, 0], [0, 1, 2, 1047, 1, 1, 0, 1, 0, 2], [0, 0, 0, 0, 1141, 1, 0, 1, 0, 1], [0, 0, 0, 4, 0, 1048, 0, 1, 1, 1], [0, 0, 0, 0, 0, 1, 1054, 1, 0, 0], [0, 5, 1, 0, 0, 0, 0, 1135, 1, 0], [1, 0, 0, 0, 0, 1, 0, 2, 1051, 0], [0, 1, 0, 1, 3, 3, 0, 4, 1, 1042]]}"
pen-based,euclidean,3,borda,RetentionPolicy.NEVER_RETAIN,10,9892.8,1099.2,0.0016474199976073578,8.407662218374598e-05,0.16887576999724843,0.0020076245707193424,0.17052318999485577,0.0020387652822934327,0.9933588264266794,0.0016299244464526143,0.993449958746534,0.0015659442837000297,0.9933484113556068,0.001586420020568081,0.9933697458271498,0.0015825325663435812,0.9934135412376616,0.0016179991377502402,0.9933588264266794,0.0016299244464526143,0.9933567490885675,0.0016310039428479861,"{""labels"": [""0"", ""1"", ""2"", ""3"", ""4"", ""5"", ""6"", ""7"", ""8"", ""9""], ""matrix"": [[1138, 0, 0, 0, 4, 0, 1, 0, 0, 0], [0, 1129, 9, 3, 1, 0, 0, 1, 0, 0], [0, 4, 1136, 3, 0, 0, 0, 1, 0, 0], [0, 2, 2, 1046, 1, 1, 0, 1, 0, 2], [0, 0, 0, 0, 1142, 1, 0, 0, 0, 1], [0, 0, 0, 5, 0, 1046, 1, 1, 2, 0], [0, 0, 0, 0, 0, 1, 1055, 0, 0, 0], [0, 4, 1, 0, 0, 0, 0, 1134, 1, 2], [1, 0, 0, 0, 0, 1, 0, 3, 1050, 0], [0, 1, 0, 1, 4, 3, 0, 2, 1, 1043]]}"
pen-based,euclidean,5,borda,RetentionPolicy.NEVER_RETAIN,10,9892.8,1099.2,0.0015571099997032435,5.1938070663195886e-05,0.1688801500014961,0.0016123703191302822,0.17043726000119933,0.0016146344317580434,0.9942696544546145,0.0015748493560761856,0.9943495909963443,0.0015115506219716883,0.9942614013778321,0.001517549934574214,0.994277272779577,0.0015242043760680187,0.994323269513043,0.0015539542733831258,0.9942696544546145,0.0015748493560761856,0.9942680370886672,0.001575139631893527,"{""labels"": [""0"", ""1"", ""2"", ""3"", ""4"", ""5"", ""6"", ""7"", ""8"", ""9""], ""matrix"": [[1136, 1, 0, 0, 3, 0, 1, 0, 0, 2], [0, 1130, 10, 2, 1, 0, 0, 0, 0, 0], [0, 1, 1142, 0, 0, 0, 0, 1, 0, 0], [0, 1, 2, 1047, 1, 1, 0, 1, 0, 2], [0, 0, 0, 0, 1142, 1, 0, 0, 0, 1], [0, 0, 0, 5, 0, 1048, 0, 1, 1, 0], [0, 0, 0, 0, 0, 1, 1055, 0, 0, 0], [0, 4, 1, 0, 0, 0, 0, 1134, 1, 2], [1, 0, 0, 0, 0, 1, 0, 1, 1052, 0], [0, 1, 0, 1, 3, 3, 0, 3, 1, 1043]]}"
pen-based,euclidean,7,borda,RetentionPolicy.NEVER_RETAIN,10,9892.8,1099.2,0.0016793900023913011,0.0001134174726860551,0.1695258300023852,0.002742126814166318,0.1712052200047765,0.002747736027987365,0.9939056863092652,0.0012851714899072052,0.9940084007877502,0.0012693764006477706,0.9939054294134667,0.0012467840991963477,0.9939299254082268,0.001259185165782622,0.9939632967781253,0.0012791332241100946,0.9939056863092652,0.0012851714899072052,0.993907312522832,0.0012843544407393549,"{""labels"": [""0"", ""1"", ""2"", ""3"", ""4"", ""5"", ""6"", ""7"", ""8"", ""9""], ""matrix"": [[1136, 1, 0, 0, 3, 0, 1, 0, 0, 2], [0, 1129, 10, 3, 1, 0, 0, 0, 0, 0], [0, 2, 1141, 0, 0, 0, 0, 1, 0, 0], [0, 1, 2, 1047, 1, 1, 0, 1, 0, 2], [0, 0, 0, 0, 1140, 2, 0, 1, 0, 1], [0, 0, 0, 4, 0, 1049, 0, 1, 1, 0], [0, 0, 0, 0, 0, 1, 1055, 0, 0, 0], [0, 4, 2, 0, 0, 0, 0, 1135, 1, 0], [1, 0, 0, 0, 0, 1, 0, 2, 1051, 0], [0, 1, 0, 1, 3, 3, 0, 4, 1, 1042]]}"
pen-based,cosine,3,borda,RetentionPolicy.NEVER_RETAIN,10,9892.8,1099.2,0.0016459100064821542,0.0001206441792691249,0.1948053300002357,0.0027193826738405257,0.19645124000671785,0.0027433151686012108,0.9935407282311386,0.0020931628047265597,0.9936232370460667,0.0020460491056893686,0.9935576122422546,0.002067664970276677,0.9935632647312482,0.002062752091055087,0.9935939233384781,0.002082581250202988,0.9935407282311386,0.0020931628047265597,0.9935400689642518,0.0020942387091160506,"{""labels"": [""0"", ""1"", ""2"", ""3"", ""4"", ""5"", ""6"", ""7"", ""8"", ""9""], ""matrix"": [[1138, 0, 0, 0, 4, 0, 1, 0, 0, 0], [0, 1128, 10, 3, 1, 0, 0, 1, 0, 0], [0, 4, 1136, 3, 0, 0, 0, 1, 0, 0], [0, 3, 2, 1046, 0, 1, 0, 1, 0, 2], [0, 0, 0, 0, 1141, 1, 0, 0, 0, 2], [0, 0, 0, 4, 0, 1048, 1, 0, 2, 0], [0, 0, 0, 0, 0, 1, 1055, 0, 0, 0], [0, 3, 2, 0, 0, 0, 0, 1133, 2, 2], [1, 0, 0, 0, 0, 1, 0, 3, 1050, 0], [0, 1, 0, 0, 2, 3, 0, 2, 1, 1046]]}"
pen-based,cosine,5,borda,RetentionPolicy.NEVER_RETAIN,10,9892.8,1099.2,0.0016986500006169081,0.00019536772686368114,0.19559403000457679,0.002133682582956836,0.19729268000519368,0.0020128255754021706,0.9941784978056875,0.0014741636453480741,0.9942674731501185,0.0014438211559365131,0.9941848879787656,0.0014275384501022275,0.9941960564847998,0.0014405695109643696,0.9942360903668741,0.001467330576239814,0.9941784978056875,0.0014741636453480741,0.9941769047968604,0.001476609065760009,"{""labels"": [""0"", ""1"", ""2"", ""3"", ""4"", ""5"", ""6"", ""7"", ""8"", ""9""], ""matrix"": [[1136, 1, 0, 0, 3, 0, 1, 0, 0, 2], [0, 1129, 11, 2, 1, 0, 0, 0, 0, 0], [0, 2, 1141, 0, 0, 0, 0, 1, 0, 0], [0, 2, 2, 1046, 1, 1, 0, 1, 0, 2], [0, 0, 0, 0, 1141, 2, 0, 0, 0, 1], [0, 0, 0, 4, 0, 1049, 0, 0, 1, 1], [0, 0, 0, 0, 0, 1, 1055, 0, 0, 0], [0, 2, 3, 0, 0, 0, 0, 1134, 1, 2], [1, 0, 0, 0, 0, 1, 0, 1, 1052, 0], [0, 2, 0, 0, 1, 3, 0, 3, 1, 1045]]}"
pen-based,cosine,7,borda,RetentionPolicy.NEVER_RETAIN,10,9892.8,1099.2,0.001647089995094575,0.00011740713716557243,0.19737311000644694,0.0019365299075489635,0.19902020000154153,0.0019767953449638205,0.9940875068977636,0.0018278969529051284,0.9941692433299545,0.0017742910397528407,0.9941063487266156,0.001762607413235984,0.9941135224014293,0.001770054730703333,0.9941424142509149,0.0018203700103453973,0.9940875068977636,0.0018278969529051284,0.994090568137312,0.0018261757700044523,"{""labels"": [""0"", ""1"", ""2"", ""3"", ""4"", ""5"", ""6"", ""7"", ""8"", ""9""], ""matrix"": [[1136, 1, 0, 0, 3, 0, 1, 0, 0, 2], [0, 1129, 10, 3, 1, 0, 0, 0, 0, 0], [0, 3, 1140, 0, 0, 0, 0, 1, 0, 0], [0, 1, 2, 1047, 1, 1, 0, 1, 0, 2], [0, 0, 0, 0, 1140, 2, 0, 1, 0, 1], [0, 0, 0, 4, 0, 1049, 0, 0, 1, 1], [0, 0, 0, 0, 0, 1, 1055, 0, 0, 0], [0, 2, 3, 1, 0, 0, 0, 1134, 1, 1], [1, 0, 0, 0, 0, 1, 0, 3, 1050, 0], [0, 1, 0, 0, 0, 3, 0, 3, 1, 1047]]}"
pen-based,heom,3,borda,RetentionPolicy.NEVER_RETAIN,10,9892.8,1099.2,0.0015869900002144278,0.00010660967401031285,0.2909080100012943,0.002526998298643567,0.29249500000150874,0.0024841614532880663,0.9933588264266794,0.0016299244464526143,0.993449958746534,0.0015659442837000297,0.9933484113556068,0.001586420020568081,0.9933697458271498,0.0015825325663435812,0.9934135412376616,0.0016179991377502402,0.9933588264266794,0.0016299244464526143,0.9933567490885675,0.0016310039428479861,"{""labels"": [""0"", ""1"", ""2"", ""3"", ""4"", ""5"", ""6"", ""7"", ""8"", ""9""], ""matrix"": [[1138, 0, 0, 0, 4, 0, 1, 0, 0, 0], [0, 1129, 9, 3, 1, 0, 0, 1, 0, 0], [0, 4, 1136, 3, 0, 0, 0, 1, 0, 0], [0, 2, 2, 1046, 1, 1, 0, 1, 0, 2], [0, 0, 0, 0, 1142, 1, 0, 0, 0, 1], [0, 0, 0, 5, 0, 1046, 1, 1, 2, 0], [0, 0, 0, 0, 0, 1, 1055, 0, 0, 0], [0, 4, 1, 0, 0, 0, 0, 1134, 1, 2], [1, 0, 0, 0, 0, 1, 0, 3, 1050, 0], [0, 1, 0, 1, 4, 3, 0, 2, 1, 1043]]}"
pen-based,heom,5,borda,RetentionPolicy.NEVER_RETAIN,10,9892.8,1099.2,0.0016664199996739627,0.0001243095135235897,0.2924660499964375,0.0034408805314179946,0.2941324699961115,0.003444069820235929,0.9942696544546145,0.0015748493560761856,0.9943495909963443,0.0015115506219716883,0.9942614013778321,0.001517549934574214,0.994277272779577,0.0015242043760680187,0.994323269513043,0.0015539542733831258,0.9942696544546145,0.0015748493560761856,0.9942680370886672,0.001575139631893527,"{""labels"": [""0"", ""1"", ""2"", ""3"", ""4"", ""5"", ""6"", ""7"", ""8"", ""9""], ""matrix"": [[1136, 1, 0, 0, 3, 0, 1, 0, 0, 2], [0, 1130, 10, 2, 1, 0, 0, 0, 0, 0], [0, 1, 1142, 0, 0, 0, 0, 1, 0, 0], [0, 1, 2, 1047, 1, 1, 0, 1, 0, 2], [0, 0, 0, 0, 1142, 1, 0, 0, 0, 1], [0, 0, 0, 5, 0, 1048, 0, 1, 1, 0], [0, 0, 0, 0, 0, 1, 1055, 0, 0, 0], [0, 4, 1, 0, 0, 0, 0, 1134, 1, 2], [1, 0, 0, 0, 0, 1, 0, 1, 1052, 0], [0, 1, 0, 1, 3, 3, 0, 3, 1, 1043]]}"
pen-based,heom,7,borda,RetentionPolicy.NEVER_RETAIN,10,9892.8,1099.2,0.0015937000018311665,7.316361044733492e-05,0.2917427499953192,0.004756912073040257,0.29333644999715036,0.004738807101433552,0.9939056863092652,0.0012851714899072052,0.9940084007877502,0.0012693764006477706,0.9939054294134667,0.0012467840991963477,0.9939299254082268,0.001259185165782622,0.9939632967781253,0.0012791332241100946,0.9939056863092652,0.0012851714899072052,0.993907312522832,0.0012843544407393549,"{""labels"": [""0"", ""1"", ""2"", ""3"", ""4"", ""5"", ""6"", ""7"", ""8"", ""9""], ""matrix"": [[1136, 1, 0, 0, 3, 0, 1, 0, 0, 2], [0, 1129, 10, 3, 1, 0, 0, 0, 0, 0], [0, 2, 1141, 0, 0, 0, 0, 1, 0, 0], [0, 1, 2, 1047, 1, 1, 0, 1, 0, 2], [0, 0, 0, 0, 1140, 2, 0, 1, 0, 1], [0, 0, 0, 4, 0, 1049, 0, 1, 1, 0], [0, 0, 0, 0, 0, 1, 1055, 0, 0, 0], [0, 4, 2, 0, 0, 0, 0, 1135, 1, 0], [1, 0, 0, 0, 0, 1, 0, 2, 1051, 0], [0, 1, 0, 1, 3, 3, 0, 4, 1, 1042]]}"
pen-based,euclidean,3,borda,RetentionPolicy.DIFFERENT_CLASS_RETENTION,10,9892.8,1099.2,0.0016422299988335,0.00015036561626511483,0.1720835700049065,0.0023034521500878446,0.17372580000374,0.002338302433502426,0.9935404796192218,0.001547612766297688,0.9936194124812049,0.001503749534539764,0.9935295885977776,0.0015161808934682042,0.9935477818123684,0.001513729804754466,0.9935889961916411,0.001543292357242897,0.9935404796192218,0.001547612766297688,0.9935380782177574,0.0015495865078133675,"{""labels"": [""0"", ""1"", ""2"", ""3"", ""4"", ""5"", ""6"", ""7"", ""8"", ""9""], ""matrix"": [[1139, 0, 0, 0, 3, 0, 1, 0, 0, 0], [0, 1129, 9, 3, 1, 0, 0, 1, 0, 0], [0, 4, 1136, 3, 0, 0, 0, 1, 0, 0], [0, 2, 2, 1046, 1, 1, 0, 1, 0, 2], [0, 0, 0, 0, 1142, 1, 0, 0, 0, 1], [0, 0, 0, 5, 0, 1046, 1, 1, 2, 0], [0, 0, 0, 0, 0, 1, 1055, 0, 0, 0], [0, 4, 1, 0, 0, 0, 0, 1134, 1, 2], [1, 0, 0, 0, 0, 1, 0, 3, 1050, 0], [0, 1, 0, 1, 3, 3, 0, 2, 1, 1044]]}"
pen-based,euclidean,5,borda,RetentionPolicy.DIFFERENT_CLASS_RETENTION,10,9892.8,1099.2,0.0017103799997130408,0.000145020451139483,0.17278681000170765,0.0016016346116421165,0.17449719000142067,0.0016543561023045971,0.9942693238750092,0.0014666933646017369,0.9943417092259932,0.0014016525198828746,0.9942671400235119,0.001411504109695171,0.9942769550111921,0.0014155815506589175,0.9943223524177546,0.001448212593648961,0.9942693238750092,0.0014666933646017369,0.994268203148561,0.0014676323429277677,"{""labels"": [""0"", ""1"", ""2"", ""3"", ""4"", ""5"", ""6"", ""7"", ""8"", ""9""], ""matrix"": [[1136, 1, 0, 0, 3, 0, 1, 0, 0, 2], [0, 1129, 10, 3, 1, 0, 0, 0, 0, 0], [0, 1, 1142, 0, 0, 0, 0, 1, 0, 0], [0, 1, 2, 1047, 1, 1, 0, 1, 0, 2], [0, 0, 0, 0, 1142, 1, 0, 0, 0, 1], [0, 0, 0, 5, 0, 1048, 0, 1, 1, 0], [0, 0, 0, 0, 0, 1, 1055, 0, 0, 0], [0, 4, 1, 0, 0, 0, 0, 1134, 1, 2], [1, 0, 0, 0, 0, 1, 0, 1, 1052, 0], [0, 1, 0, 1, 2, 3, 0, 3, 1, 1044]]}"
pen-based,euclidean,7,borda,RetentionPolicy.DIFFERENT_CLASS_RETENTION,10,9892.8,1099.2,0.001695570000447333,0.0001600925232406359,0.17366768999781926,0.003494780393129949,0.17536325999826657,0.0035892220093085418,0.9939964304108987,0.00129575975813496,0.9940945945329828,0.0012819312684670947,0.9939988873573921,0.0012567789652579724,0.9940206017426274,0.0012705509389037489,0.9940524627214694,0.0012894883726985405,0.9939964304108987,0.00129575975813496,0.9939981052928941,0.0012948013545968503,"{""labels"": [""0"", ""1"", ""2"", ""3"", ""4"", ""5"", ""6"", ""7"", ""8"", ""9""], ""matrix"": [[1136, 1, 0, 0, 3, 0, 1, 0, 0, 2], [0, 1129, 10, 3, 1, 0, 0, 0, 0, 0], [0, 2, 1141, 0, 0, 0, 0, 1, 0, 0], [0, 1, 2, 1047, 1, 1, 0, 1, 0, 2], [0, 0, 0, 0, 1140, 2, 0, 1, 0, 1], [0, 0, 0, 4, 0, 1049, 0, 1, 1, 0], [0, 0, 0, 0, 0, 1, 1055, 0, 0, 0], [0, 4, 2, 0, 0, 0, 0, 1135, 1, 0], [1, 0, 0, 0, 0, 1, 0, 2, 1051, 0], [0, 1, 0, 1, 2, 3, 0, 4, 1, 1043]]}"
pen-based,cosine,3,borda,RetentionPolicy.DIFFERENT_CLASS_RETENTION,10,9892.8,1099.2,0.0016643400012981147,0.00011898207819448627,0.19730255999602378,0.0034332618453348208,0.1989668999973219,0.0034029212848318948,0.9936316373220478,0.0019524195048918245,0.9937072335093735,0.0019242723147134258,0.9936453315405002,0.0019349183606734927,0.9936506210511645,0.0019324896911132798,0.9936809742186326,0.0019494114309183913,0.9936316373220478,0.0019524195048918245,0.9936306018776195,0.0019540785573643397,"{""labels"": [""0"", ""1"", ""2"", ""3"", ""4"", ""5"", ""6"", ""7"", ""8"", ""9""], ""matrix"": [[1139, 0, 0, 0, 3, 0, 1, 0, 0, 0], [0, 1128, 10, 3, 1, 0, 0, 1, 0, 0], [0, 4, 1136, 3, 0, 0, 0, 1, 0, 0], [0, 3, 2, 1046, 0, 1, 0, 1, 0, 2], [0, 0, 0, 0, 1141, 1, 0, 0, 0, 2], [0, 0, 0, 4, 0, 1048, 1, 0, 2, 0], [0, 0, 0, 0, 0, 1, 1055, 0, 0, 0], [0, 3, 2, 0, 0, 0, 0, 1133, 2, 2], [1, 0, 0, 0, 0, 1, 0, 3, 1050, 0], [0, 1, 0, 0, 2, 3, 0, 2, 1, 1046]]}"
pen-based,cosine,5,borda,RetentionPolicy.DIFFERENT_CLASS_RETENTION,10,9892.8,1099.2,0.0016614000021945685,0.00011225015446259428,0.19551323000050616,0.0024682746697222303,0.19717463000270072,0.0024701030794379913,0.9941784978056875,0.0014741636453480741,0.9942674731501185,0.0014438211559365131,0.9941848879787656,0.0014275384501022275,0.9941960564847998,0.0014405695109643696,0.9942360903668741,0.001467330576239814,0.9941784978056875,0.0014741636453480741,0.9941769047968604,0.001476609065760009,"{""labels"": [""0"", ""1"", ""2"", ""3"", ""4"", ""5"", ""6"", ""7"", ""8"", ""9""], ""matrix"": [[1136, 1, 0, 0, 3, 0, 1, 0, 0, 2], [0, 1129, 11, 2, 1, 0, 0, 0, 0, 0], [0, 2, 1141, 0, 0, 0, 0, 1, 0, 0], [0, 2, 2, 1046, 1, 1, 0, 1, 0, 2], [0, 0, 0, 0, 1141, 2, 0, 0, 0, 1], [0, 0, 0, 4, 0, 1049, 0, 0, 1, 1], [0, 0, 0, 0, 0, 1, 1055, 0, 0, 0], [0, 2, 3, 0, 0, 0, 0, 1134, 1, 2], [1, 0, 0, 0, 0, 1, 0, 1, 1052, 0], [0, 2, 0, 0, 1, 3, 0, 3, 1, 1045]]}"
pen-based,cosine,7,borda,RetentionPolicy.DIFFERENT_CLASS_RETENTION,10,9892.8,1099.2,0.0016994599980534985,0.0001414908943295977,0.195520250001573,0.0019996124321164962,0.1972197099996265,0.002054997489940938,0.9940875068977636,0.0018278969529051284,0.9941692433299545,0.0017742910397528407,0.9941063487266156,0.001762607413235984,0.9941135224014293,0.001770054730703333,0.9941424142509149,0.0018203700103453973,0.9940875068977636,0.0018278969529051284,0.994090568137312,0.0018261757700044523,"{""labels"": [""0"", ""1"", ""2"", ""3"", ""4"", ""5"", ""6"", ""7"", ""8"", ""9""], ""matrix"": [[1136, 1, 0, 0, 3, 0, 1, 0, 0, 2], [0, 1129, 10, 3, 1, 0, 0, 0, 0, 0], [0, 3, 1140, 0, 0, 0, 0, 1, 0, 0], [0, 1, 2, 1047, 1, 1, 0, 1, 0, 2], [0, 0, 0, 0, 1140, 2, 0, 1, 0, 1], [0, 0, 0, 4, 0, 1049, 0, 0, 1, 1], [0, 0, 0, 0, 0, 1, 1055, 0, 0, 0], [0, 2, 3, 1, 0, 0, 0, 1134, 1, 1], [1, 0, 0, 0, 0, 1, 0, 3, 1050, 0], [0, 1, 0, 0, 0, 3, 0, 3, 1, 1047]]}"
pen-based,heom,3,borda,RetentionPolicy.DIFFERENT_CLASS_RETENTION,10,9892.8,1099.2,0.0016258400020888076,7.94535735984326e-05,0.28855502999795135,0.00434659359687748,0.29018087000004017,0.004335232497187919,0.9935404796192218,0.001547612766297688,0.9936194124812049,0.001503749534539764,0.9935295885977776,0.0015161808934682042,0.9935477818123684,0.001513729804754466,0.9935889961916411,0.001543292357242897,0.9935404796192218,0.001547612766297688,0.9935380782177574,0.0015495865078133675,"{""labels"": [""0"", ""1"", ""2"", ""3"", ""4"", ""5"", ""6"", ""7"", ""8"", ""9""], ""matrix"": [[1139, 0, 0, 0, 3, 0, 1, 0, 0, 0], [0, 1129, 9, 3, 1, 0, 0, 1, 0, 0], [0, 4, 1136, 3, 0, 0, 0, 1, 0, 0], [0, 2, 2, 1046, 1, 1, 0, 1, 0, 2], [0, 0, 0, 0, 1142, 1, 0, 0, 0, 1], [0, 0, 0, 5, 0, 1046, 1, 1, 2, 0], [0, 0, 0, 0, 0, 1, 1055, 0, 0, 0], [0, 4, 1, 0, 0, 0, 0, 1134, 1, 2], [1, 0, 0, 0, 0, 1, 0, 3, 1050, 0], [0, 1, 0, 1, 3, 3, 0, 2, 1, 1044]]}"
pen-based,heom,5,borda,RetentionPolicy.DIFFERENT_CLASS_RETENTION,10,9892.8,1099.2,0.0017515599989565088,0.000204414010015083,0.29171415000164413,0.003486863605633237,0.2934657100006007,0.0034859046725938857,0.9942693238750092,0.0014666933646017369,0.9943417092259932,0.0014016525198828746,0.9942671400235119,0.001411504109695171,0.9942769550111921,0.0014155815506589175,0.9943223524177546,0.001448212593648961,0.9942693238750092,0.0014666933646017369,0.994268203148561,0.0014676323429277677,"{""labels"": [""0"", ""1"", ""2"", ""3"", ""4"", ""5"", ""6"", ""7"", ""8"", ""9""], ""matrix"": [[1136, 1, 0, 0, 3, 0, 1, 0, 0, 2], [0, 1129, 10, 3, 1, 0, 0, 0, 0, 0], [0, 1, 1142, 0, 0, 0, 0, 1, 0, 0], [0, 1, 2, 1047, 1, 1, 0, 1, 0, 2], [0, 0, 0, 0, 1142, 1, 0, 0, 0, 1], [0, 0, 0, 5, 0, 1048, 0, 1, 1, 0], [0, 0, 0, 0, 0, 1, 1055, 0, 0, 0], [0, 4, 1, 0, 0, 0, 0, 1134, 1, 2], [1, 0, 0, 0, 0, 1, 0, 1, 1052, 0], [0, 1, 0, 1, 2, 3, 0, 3, 1, 1044]]}"
pen-based,heom,7,borda,RetentionPolicy.DIFFERENT_CLASS_RETENTION,10,9892.8,1099.2,0.0017164699966087937,0.00011651091673496318,0.2888088700012304,0.004721128559732074,0.2905253399978392,0.004724914551311715,0.9939964304108987,0.00129575975813496,0.9940945945329828,0.0012819312684670947,0.9939988873573921,0.0012567789652579724,0.9940206017426274,0.0012705509389037489,0.9940524627214694,0.0012894883726985405,0.9939964304108987,0.00129575975813496,0.9939981052928941,0.0012948013545968503,"{""labels"": [""0"", ""1"", ""2"", ""3"", ""4"", ""5"", ""6"", ""7"", ""8"", ""9""], ""matrix"": [[1136, 1, 0, 0, 3, 0, 1, 0, 0, 2], [0, 1129, 10, 3, 1, 0, 0, 0, 0, 0], [0, 2, 1141, 0, 0, 0, 0, 1, 0, 0], [0, 1, 2, 1047, 1, 1, 0, 1, 0, 2], [0, 0, 0, 0, 1140, 2, 0, 1, 0, 1], [0, 0, 0, 4, 0, 1049, 0, 1, 1, 0], [0, 0, 0, 0, 0, 1, 1055, 0, 0, 0], [0, 4, 2, 0, 0, 0, 0, 1135, 1, 0], [1, 0, 0, 0, 0, 1, 0, 2, 1051, 0], [0, 1, 0, 1, 2, 3, 0, 4, 1, 1043]]}"
pen-based,euclidean,3,borda,RetentionPolicy.DD_RETENTION,10,9892.8,1099.2,0.001660440000705421,9.325255277131622e-05,0.17639613000210375,0.003238439645375378,0.17805657000280917,0.0032565471467970956,0.9933592400278719,0.0017276445443595242,0.993449958746534,0.0016683667306872428,0.9933559301525993,0.001692883609365594,0.9933736558351709,0.0016886013580865264,0.9934131032040234,0.0017127833463026253,0.9933592400278719,0.0017276445443595242,0.9933568043667738,0.001728833893874184,"{""labels"": [""0"", ""1"", ""2"", ""3"", ""4"", ""5"", ""6"", ""7"", ""8"", ""9""], ""matrix"": [[1138, 0, 0, 0, 4, 0, 1, 0, 0, 0], [0, 1128, 9, 3, 1, 0, 0, 1, 0, 1], [0, 4, 1136, 3, 0, 0, 0, 1, 0, 0], [0, 2, 2, 1046, 1, 1, 0, 1, 0, 2], [0, 0, 0, 0, 1142, 1, 0, 0, 0, 1], [0, 0, 0, 5, 0, 1046, 1, 1, 2, 0], [0, 0, 0, 0, 0, 1, 1055, 0, 0, 0], [0, 4, 1, 0, 0, 0, 0, 1134, 1, 2], [1, 0, 0, 0, 0, 1, 0, 3, 1050, 0], [0, 1, 0, 1, 4, 2, 0, 2, 1, 1044]]}"
pen-based,euclidean,5,borda,RetentionPolicy.DD_RETENTION,10,9892.8,1099.2,0.0016900099988561123,0.00015432082298877324,0.17659286999842153,0.0021102475730209636,0.17828287999727763,0.0021145045923066023,0.9941785797733758,0.0014172857645142485,0.994256251954629,0.0013507835386565665,0.9941736820795866,0.0013614332353458873,0.9941862753458895,0.0013647436782176251,0.9942339483439294,0.001399149058079668,0.9941785797733758,0.0014172857645142485,0.9941774069327385,0.0014181909513264071,"{""labels"": [""0"", ""1"", ""2"", ""3"", ""4"", ""5"", ""6"", ""7"", ""8"", ""9""], ""matrix"": [[1136, 1, 0, 0, 3, 0, 1, 0, 0, 2], [0, 1129, 10, 3, 1, 0, 0, 0, 0, 0], [0, 1, 1142, 0, 0, 0, 0, 1, 0, 0], [0, 1, 2, 1047, 1, 1, 0, 1, 0, 2], [0, 0, 0, 0, 1142, 1, 0, 0, 0, 1], [0, 0, 0, 5, 0, 1048, 0, 1, 1, 0], [0, 0, 0, 0, 0, 1, 1055, 0, 0, 0], [0, 4, 1, 0, 0, 0, 0, 1134, 1, 2], [1, 0, 0, 0, 0, 1, 0, 1, 1052, 0], [0, 1, 0, 1, 3, 3, 0, 3, 1, 1043]]}"
pen-based,euclidean,7,borda,RetentionPolicy.DD_RETENTION,10,9892.8,1099.2,0.0016618199995718896,0.00012179411362241987,0.17536967000341974,0.0016472265639528565,0.17703149000299162,0.0016362159619179907,0.9940875050921372,0.0013608230577790248,0.9941785909962896,0.0013475929682681875,0.9940858438791311,0.0013144570269526096,0.9941075665267333,0.0013329236851503854,0.9941396721642469,0.0013529470724506078,0.9940875050921372,0.0013608230577790248,0.9940887977934774,0.0013596051030451554,"{""labels"": [""0"", ""1"", ""2"", ""3"", ""4"", ""5"", ""6"", ""7"", ""8"", ""9""], ""matrix"": [[1136, 1, 0, 0, 3, 0, 1, 0, 0, 2], [0, 1130, 9, 3, 1, 0, 0, 0, 0, 0], [0, 2, 1141, 0, 0, 0, 0, 1, 0, 0], [0, 1, 2, 1047, 1, 1, 0, 1, 0, 2], [0, 0, 0, 0, 1140, 2, 0, 1, 0, 1], [0, 0, 0, 4, 0, 1049, 0, 1, 1, 0], [0, 0, 0, 0, 0, 1, 1055, 0, 0, 0], [0, 4, 2, 0, 0, 0, 0, 1135, 1, 0], [1, 0, 0, 0, 0, 1, 0, 2, 1051, 0], [0, 1, 0, 1, 2, 3, 0, 4, 1, 1043]]}"
pen-based,cosine,3,borda,RetentionPolicy.DD_RETENTION,10,9892.8,1099.2,0.001629779994254932,8.629684551164967e-05,0.203836970005068,0.0021858520186764014,0.20546674999932293,0.0021561602864850686,0.9936318859339645,0.0022291174662064845,0.9937158133112757,0.0021822855286670077,0.9936528503374926,0.0022109873181597062,0.9936580578789131,0.0022038398978855285,0.9936825332550411,0.0022149184875605503,0.9936318859339645,0.0022291174662064845,0.9936308007828918,0.0022296396770135193,"{""labels"": [""0"", ""1"", ""2"", ""3"", ""4"", ""5"", ""6"", ""7"", ""8"", ""9""], ""matrix"": [[1138, 0, 0, 0, 4, 0, 1, 0, 0, 0], [0, 1128, 10, 3, 1, 0, 0, 1, 0, 0], [0, 4, 1136, 3, 0, 0, 0, 1, 0, 0], [0, 3, 2, 1046, 0, 1, 0, 1, 0, 2], [0, 0, 0, 0, 1141, 1, 0, 0, 0, 2], [0, 0, 0, 4, 0, 1048, 1, 0, 2, 0], [0, 0, 0, 0, 0, 1, 1055, 0, 0, 0], [0, 3, 2, 0, 0, 0, 0, 1133, 2, 2], [1, 0, 0, 0, 0, 1, 0, 3, 1050, 0], [0, 1, 0, 0, 2, 2, 0, 2, 1, 1047]]}"
pen-based,cosine,5,borda,RetentionPolicy.DD_RETENTION,10,9892.8,1099.2,0.0017632799950661137,0.0001146776512601316,0.20374686000286601,0.0022434616025986953,0.20551013999793213,0.0022410441619543234,0.9941784978056875,0.0014741636453480741,0.9942674731501185,0.0014438211559365131,0.9941848879787656,0.0014275384501022275,0.9941960564847998,0.0014405695109643696,0.9942360903668741,0.001467330576239814,0.9941784978056875,0.0014741636453480741,0.9941769047968604,0.001476609065760009,"{""labels"": [""0"", ""1"", ""2"", ""3"", ""4"", ""5"", ""6"", ""7"", ""8"", ""9""], ""matrix"": [[1136, 1, 0, 0, 3, 0, 1, 0, 0, 2], [0, 1129, 11, 2, 1, 0, 0, 0, 0, 0], [0, 2, 1141, 0, 0, 0, 0, 1, 0, 0], [0, 2, 2, 1046, 1, 1, 0, 1, 0, 2], [0, 0, 0, 0, 1141, 2, 0, 0, 0, 1], [0, 0, 0, 4, 0, 1049, 0, 0, 1, 1], [0, 0, 0, 0, 0, 1, 1055, 0, 0, 0], [0, 2, 3, 0, 0, 0, 0, 1134, 1, 2], [1, 0, 0, 0, 0, 1, 0, 1, 1052, 0], [0, 2, 0, 0, 1, 3, 0, 3, 1, 1045]]}"
pen-based,cosine,7,borda,RetentionPolicy.DD_RETENTION,10,9892.8,1099.2,0.0017575399979250506,0.000130798212259305,0.20090100999805144,0.002187632997864741,0.2026585499959765,0.002131606109705366,0.9941784987085007,0.0017325385394644662,0.9942482789645986,0.0016869590061702735,0.9941933052483547,0.0016740145147283016,0.9941968111154773,0.0016838273737166682,0.994231977832022,0.001724094607684238,0.9941784987085007,0.0017325385394644662,0.9941812095124833,0.0017321446686783908,"{""labels"": [""0"", ""1"", ""2"", ""3"", ""4"", ""5"", ""6"", ""7"", ""8"", ""9""], ""matrix"": [[1136, 1, 0, 0, 3, 0, 1, 0, 0, 2], [0, 1130, 8, 4, 1, 0, 0, 0, 0, 0], [0, 3, 1140, 0, 0, 0, 0, 1, 0, 0], [0, 1, 2, 1047, 1, 1, 0, 1, 0, 2], [0, 0, 0, 0, 1140, 2, 0, 1, 0, 1], [0, 0, 0, 4, 0, 1049, 0, 0, 1, 1], [0, 0, 0, 0, 0, 1, 1055, 0, 0, 0], [0, 2, 3, 1, 0, 0, 0, 1134, 1, 1], [1, 0, 0, 0, 0, 1, 0, 3, 1050, 0], [0, 1, 0, 0, 0, 3, 0, 3, 1, 1047]]}"
pen-based,heom,3,borda,RetentionPolicy.DD_RETENTION,10,9892.8,1099.2,0.0017214399995282292,0.00010636692706939371,0.2964492599974619,0.002791641640270356,0.29817069999699014,0.002827922818133428,0.9933592400278719,0.0017276445443595242,0.993449958746534,0.0016683667306872428,0.9933559301525993,0.001692883609365594,0.9933736558351709,0.0016886013580865264,0.9934131032040234,0.0017127833463026253,0.9933592400278719,0.0017276445443595242,0.9933568043667738,0.001728833893874184,"{""labels"": [""0"", ""1"", ""2"", ""3"", ""4"", ""5"", ""6"", ""7"", ""8"", ""9""], ""matrix"": [[1138, 0, 0, 0, 4, 0, 1, 0, 0, 0], [0, 1128, 9, 3, 1, 0, 0, 1, 0, 1], [0, 4, 1136, 3, 0, 0, 0, 1, 0, 0], [0, 2, 2, 1046, 1, 1, 0, 1, 0, 2], [0, 0, 0, 0, 1142, 1, 0, 0, 0, 1], [0, 0, 0, 5, 0, 1046, 1, 1, 2, 0], [0, 0, 0, 0, 0, 1, 1055, 0, 0, 0], [0, 4, 1, 0, 0, 0, 0, 1134, 1, 2], [1, 0, 0, 0, 0, 1, 0, 3, 1050, 0], [0, 1, 0, 1, 4, 2, 0, 2, 1, 1044]]}"
pen-based,heom,5,borda,RetentionPolicy.DD_RETENTION,10,9892.8,1099.2,0.0016737199970521034,0.00014116264856292986,0.297734019998461,0.0029682135337658825,0.2994077399955131,0.002941466661406266,0.9941785797733758,0.0014172857645142485,0.994256251954629,0.0013507835386565665,0.9941736820795866,0.0013614332353458873,0.9941862753458895,0.0013647436782176251,0.9942339483439294,0.001399149058079668,0.9941785797733758,0.0014172857645142485,0.9941774069327385,0.0014181909513264071,"{""labels"": [""0"", ""1"", ""2"", ""3"", ""4"", ""5"", ""6"", ""7"", ""8"", ""9""], ""matrix"": [[1136, 1, 0, 0, 3, 0, 1, 0, 0, 2], [0, 1129, 10, 3, 1, 0, 0, 0, 0, 0], [0, 1, 1142, 0, 0, 0, 0, 1, 0, 0], [0, 1, 2, 1047, 1, 1, 0, 1, 0, 2], [0, 0, 0, 0, 1142, 1, 0, 0, 0, 1], [0, 0, 0, 5, 0, 1048, 0, 1, 1, 0], [0, 0, 0, 0, 0, 1, 1055, 0, 0, 0], [0, 4, 1, 0, 0, 0, 0, 1134, 1, 2], [1, 0, 0, 0, 0, 1, 0, 1, 1052, 0], [0, 1, 0, 1, 3, 3, 0, 3, 1, 1043]]}"
pen-based,heom,7,borda,RetentionPolicy.DD_RETENTION,10,9892.8,1099.2,0.0017214099992997945,9.558362013165577e-05,0.29693723999662325,0.002209988156539535,0.29865864999592306,0.002247597614185563,0.9940875050921372,0.0013608230577790248,0.9941785909962896,0.0013475929682681875,0.9940858438791311,0.0013144570269526096,0.9941075665267333,0.0013329236851503854,0.9941396721642469,0.0013529470724506078,0.9940875050921372,0.0013608230577790248,0.9940887977934774,0.0013596051030451554,"{""labels"": [""0"", ""1"", ""2"", ""3"", ""4"", ""5"", ""6"", ""7"", ""8"", ""9""], ""matrix"": [[1136, 1, 0, 0, 3, 0, 1, 0, 0, 2], [0, 1130, 9, 3, 1, 0, 0, 0, 0, 0], [0, 2, 1141, 0, 0, 0, 0, 1, 0, 0], [0, 1, 2, 1047, 1, 1, 0, 1, 0, 2], [0, 0, 0, 0, 1140, 2, 0, 1, 0, 1], [0, 0, 0, 4, 0, 1049, 0, 1, 1, 0], [0, 0, 0, 0, 0, 1, 1055, 0, 0, 0], [0, 4, 2, 0, 0, 0, 0, 1135, 1, 0], [1, 0, 0, 0, 0, 1, 0, 2, 1051, 0], [0, 1, 0, 1, 2, 3, 0, 4, 1, 1043]]}"
